Id,Date,Wind,Rain,Tmin_1,Tmax_1,Tmin,Tmax,,,,
-1,2020.10.26,,,12.9,13.3,,,,,,
-1,2020.10.27,,,,,,,,,,
-2,2020.10.28,,,,,,,,,,
-1,2020.10.29,,,,,,,,,,
-1,2020.10.30,,,,,,,,,,
-1,2020.10.31,,,,,,,,,,
-1,2020.11.01,,,,,,,,,,
-1,2020.11.02,,,,,,,,,,
-2,2020.11.03,,,,,,,,,,
-1,2020.11.04,,,,,,,,,,
-1,2020.11.05,,,,,,,,,,
-1,2020.11.06,,,,,,,,,,
-1,2020.11.07,,,,,,,,,,
-1,2020.11.08,,,,,,,,,,
-1,2020.11.09,,,,,,,,,,
-1,2020.11.10,,,,,,,,,,
-1,2020.11.11,,,,,,,,,,
-1,2020.11.12,,,,,,,,,,
-1,2020.11.13,,,,,,,,,,
-1,2020.11.14,,,,,,,,,,
-1,2020.11.15,,,,,,,,,,
-1,2020.11.16,,,,,,,,,,
-1,2020.11.17,,,,,,,,,,
-1,2020.11.18,,,,,,,,,,
-1,2020.11.19,,,,,,,,,,
-1,2020.11.20,,,,,,,,,,
-1,2020.11.21,,,,,,,,,,
-1,2020.11.22,,,,,,,,,,
-1,2020.11.23,,,,,,,,,,
-2,2020.11.24,,,,,,,,,,
-1,2020.11.25,,,,,,,,,,
-1,2020.11.26,,,,,,,,,,
-1,2020.11.27,,,,,,,,,,
-1,2020.11.28,,,,,,,,,,
-1,2020.11.29,,,,,,,,,,
-1,2020.11.30,,,,,,,,,,
1,2018.01.01,5,0.3,1,6.5,1.6,7,,,,
2,2018.01.02,7.8,8.7,1.6,7,1.2,4.8,,,,
3,2018.01.03,7.4,6.1,1.2,4.8,-1,4.1,,,,
4,2018.01.04,6.2,0.3,-1,4.1,2.8,7.7,,,,
5,2018.01.05,3.5,1.1,2.8,7.7,2.9,8.6,,,,
6,2018.01.06,4.7,0.4,2.9,8.6,6.4,12.5,,,,
7,2018.01.07,3.2,0.1,6.4,12.5,4,9.6,,,,
8,2018.01.08,4,0.3,4,9.6,5.7,8.3,,,,
9,2018.01.09,5.5,0,5.7,8.3,4.7,7.4,,,,
10,2018.01.10,6.3,1.3,4.7,7.4,3.7,5.4,,,,
11,2018.01.11,3,3.1,3.7,5.4,2.8,6.2,,,,
12,2018.01.12,3.9,4,2.8,6.2,2.6,4.6,,,,
13,2018.01.13,7.6,2.6,2.6,4.6,-0.7,2.4,,,,
14,2018.01.14,5,3.6,-0.7,2.4,-3.4,-0.6,,,,
15,2018.01.15,2.9,0.9,-3.4,-0.6,-5.2,-2.4,,,,
16,2018.01.16,5.4,2.7,-5.2,-2.4,-3.7,1.3,,,,
17,2018.01.17,8.4,0,-3.7,1.3,-4.7,3,,,,
18,2018.01.18,7.3,0.3,-4.7,3,-1,3.5,,,,
19,2018.01.19,7.1,1.2,-1,3.5,-0.3,4.6,,,,
20,2018.01.20,3.8,0.1,-0.3,4.6,-4.1,3.1,,,,
21,2018.01.21,9.4,6.2,-4.1,3.1,-2.2,2.2,,,,
22,2018.01.22,7.1,0,-2.2,2.2,-3.4,1.3,,,,
23,2018.01.23,2,0.7,-3.4,1.3,-7.9,-0.7,,,,
24,2018.01.24,2.8,0.3,-7.9,-0.7,-12.5,-2.3,,,,
25,2018.01.25,4.6,1.4,-12.5,-2.3,-5.9,1.4,,,,
26,2018.01.26,3.8,0,-5.9,1.4,-5.1,0.2,,,,
27,2018.01.27,3,0.1,-5.1,0.2,-4.3,2,,,,
28,2018.01.28,3.7,0.1,-4.3,2,-2.8,3.9,,,,
29,2018.01.29,4.8,0.1,-2.8,3.9,0.9,8.5,,,,
30,2018.01.30,7.8,0,0.9,8.5,-0.9,6.6,,,,
31,2018.01.31,4.1,0.1,-0.9,6.6,-2.2,4.7,,,,
32,2018.02.01,7.4,6.9,-2.2,4.7,3.8,8.3,,,,
33,2018.02.02,4.7,7.5,3.8,8.3,4,8.7,,,,
34,2018.02.03,7.6,13.5,4,8.7,0.2,2.4,,,,
35,2018.02.04,6.9,0,0.2,2.4,-1.9,2.4,,,,
36,2018.02.05,1.7,0.1,-1.9,2.4,-4.4,1.9,,,,
37,2018.02.06,4.2,1.6,-4.4,1.9,-2,0.2,,,,
38,2018.02.07,5.7,3.6,-2,0.2,-3.3,2.3,,,,
39,2018.02.08,4.8,7.4,-3.3,2.3,0.1,2.8,,,,
40,2018.02.09,3.6,0.4,0.1,2.8,-2.8,1.4,,,,
41,2018.02.10,2.1,0.6,-2.8,1.4,-2.2,1.1,,,,
42,2018.02.11,2,0.2,-2.2,1.1,-4.7,1.8,,,,
43,2018.02.12,2,0.2,-4.7,1.8,-3.5,3.3,,,,
44,2018.02.13,5,1.1,-3.5,3.3,-2,2.6,,,,
45,2018.02.14,4.5,2.8,-2,2.6,-1,1.7,,,,
46,2018.02.15,2,0.1,-1,1.7,-4.6,2.1,,,,
47,2018.02.16,2.1,1,-4.6,2.1,-7,2.4,,,,
48,2018.02.17,3.6,2.3,-7,2.4,-2.6,2,,,,
49,2018.02.18,3.2,5.2,-2.6,2,-4.3,3.3,,,,
50,2018.02.19,3.8,1.6,-4.3,3.3,-9.3,1,,,,
51,2018.02.20,4.3,8.6,-9.3,1,-1.6,0.9,,,,
52,2018.02.21,4.5,3.9,-1.6,0.9,-0.9,1.7,,,,
53,2018.02.22,6.2,2.3,-0.9,1.7,-3,0.4,,,,
54,2018.02.23,4.4,0.2,-3,0.4,-3.5,2,,,,
55,2018.02.24,6.2,1.4,-3.5,2,-9.3,-0.1,,,,
56,2018.02.25,5.7,0,-9.3,-0.1,-11.9,-6.6,,,,
57,2018.02.26,6.9,0.8,-11.9,-6.6,-11.3,-6.1,,,,
58,2018.02.27,6.6,1.9,-11.3,-6.1,-9.7,-7.2,,,,
59,2018.02.28,3.9,0.2,-9.7,-7.2,-13.1,-6.5,,,,
60,2018.03.01,4.3,0.7,-13.1,-6.5,-12.9,-7.4,,,,
61,2018.03.02,4.7,2.5,-12.9,-7.4,-9.9,-6.3,,,,
62,2018.03.03,3.5,0.1,-9.9,-6.3,-13.5,-4.4,,,,
63,2018.03.04,4,0.1,-13.5,-4.4,-16.6,-3.6,,,,
64,2018.03.05,4,0.4,-16.6,-3.6,-17.4,-2.4,,,,
65,2018.03.06,4.7,6.3,-17.4,-2.4,-2,1.8,,,,
66,2018.03.07,2.9,0.2,-2,1.8,-2.6,6,,,,
67,2018.03.08,3.8,1.8,-2.6,6,-2.8,6.4,,,,
68,2018.03.09,3.5,0,-2.8,6.4,-2,9.3,,,,
69,2018.03.10,5.2,0.5,-2,9.3,1.3,9.7,,,,
70,2018.03.11,5.6,3.6,1.3,9.7,4.9,12.3,,,,
71,2018.03.12,7.2,7.3,4.9,12.3,9.4,13.4,,,,
72,2018.03.13,5.9,2.9,9.4,13.4,6.1,12.6,,,,
73,2018.03.14,7,0.2,6.1,12.6,5.3,10.9,,,,
74,2018.03.15,4.4,2.5,5.3,10.9,4.4,10.2,,,,
75,2018.03.16,6,18.6,4.4,10.2,6.2,9.9,,,,
76,2018.03.17,6.5,1.5,6.2,9.9,0.6,5.8,,,,
77,2018.03.18,10.4,13.4,0.6,5.8,-4.7,-0.4,,,,
78,2018.03.19,3.6,1.1,-4.7,-0.4,-6.5,0.6,,,,
79,2018.03.20,5.5,1.6,-6.5,0.6,-4.1,0,,,,
80,2018.03.21,5.4,0.7,-4.1,0,-3.5,2.8,,,,
81,2018.03.22,2.2,0,-3.5,2.8,-7.8,2.8,,,,
82,2018.03.23,2.1,0,-7.8,2.8,-6.1,6.1,,,,
83,2018.03.24,3.8,0,-6.1,6.1,-3.5,6.3,,,,
84,2018.03.25,5.7,0,-3.5,6.3,-3.6,7.8,,,,
85,2018.03.26,2.6,0,-3.6,7.8,-2.1,8.6,,,,
86,2018.03.27,4.9,0,-2.1,8.6,1.9,9.3,,,,
87,2018.03.28,4.1,1.3,1.9,9.3,-0.7,10.6,,,,
88,2018.03.29,4.8,1.8,-0.7,10.6,3.2,11.1,,,,
89,2018.03.30,4.1,5.4,3.2,11.1,4.2,11.9,,,,
90,2018.03.31,7.1,5.1,4.2,11.9,7.4,14.2,,,,
91,2018.04.01,9.7,0.2,7.4,14.2,6.3,10.5,,,,
92,2018.04.02,9.5,0.1,6.3,10.5,5.2,11.2,,,,
93,2018.04.03,7.3,0,5.2,11.2,6.4,15.3,,,,
94,2018.04.04,7,0,6.4,15.3,9.1,17.2,,,,
95,2018.04.05,7.4,0.2,9.1,17.2,10.7,17.7,,,,
96,2018.04.06,7.8,0,10.7,17.7,9,14.7,,,,
97,2018.04.07,4,0.1,9,14.7,7.2,16.1,,,,
98,2018.04.08,8,0,7.2,16.1,8.2,18.8,,,,
99,2018.04.09,6.3,0.6,8.2,18.8,11.6,21,,,,
100,2018.04.10,6.8,0,11.6,21,10.7,17.4,,,,
101,2018.04.11,5.8,0,10.7,17.4,8.9,17.1,,,,
102,2018.04.12,4.8,0,8.9,17.1,11,22.1,,,,
103,2018.04.13,4.8,0.6,11,22.1,13.4,18.5,,,,
104,2018.04.14,3,0,13.4,18.5,10.5,21.2,,,,
105,2018.04.15,5.2,0,10.5,21.2,13.3,22.9,,,,
106,2018.04.16,5.2,2.3,13.3,22.9,15.1,19,,,,
107,2018.04.17,4.1,4.8,15.1,19,12.9,19.9,,,,
108,2018.04.18,4.3,3.5,12.9,19.9,14.5,20.1,,,,
109,2018.04.19,5,0,14.5,20.1,10.6,20.9,,,,
110,2018.04.20,3.4,0,10.6,20.9,10.6,19.8,,,,
111,2018.04.21,2.8,0,10.6,19.8,8.9,19.9,,,,
112,2018.04.22,2.5,0,8.9,19.9,10,22.8,,,,
113,2018.04.23,4,0.7,10,22.8,13.2,25.3,,,,
114,2018.04.24,5.3,2.1,13.2,25.3,14.5,22.6,,,,
115,2018.04.25,5.1,0.1,14.5,22.6,12.8,24.7,,,,
116,2018.04.26,7,1.2,12.8,24.7,13.9,22.5,,,,
117,2018.04.27,5.9,0,13.9,22.5,10.9,18.4,,,,
118,2018.04.28,4.6,2.3,10.9,18.4,10.8,24.7,,,,
119,2018.04.29,5.8,9.9,10.8,24.7,16.2,23.3,,,,
120,2018.04.30,5.1,7.7,16.2,23.3,16,23.8,,,,
121,2018.05.01,3.8,0.6,16,23.8,14,23.5,,,,
122,2018.05.02,3.9,8.4,14,23.5,15,24.6,,,,
123,2018.05.03,4.6,0,15,24.6,15,24.9,,,,
124,2018.05.04,4.4,1.2,15,24.9,15,26.6,,,,
125,2018.05.05,6.2,0,15,26.6,18.6,27.6,,,,
126,2018.05.06,6.3,0,18.6,27.6,17.3,23.5,,,,
127,2018.05.07,6,0,17.3,23.5,15.2,22.6,,,,
128,2018.05.08,4.7,0.4,15.2,22.6,13,20.7,,,,
129,2018.05.09,2.7,5.2,13,20.7,13.4,23.6,,,,
130,2018.05.10,4.3,3.3,13.4,23.6,16.4,24.5,,,,
131,2018.05.11,2,1.7,16.4,24.5,14.2,24.9,,,,
132,2018.05.12,3.6,0,14.2,24.9,16.4,23.2,,,,
133,2018.05.13,5.3,0.1,16.4,23.2,13.4,22.5,,,,
134,2018.05.14,5.7,0,13.4,22.5,13.7,20,,,,
135,2018.05.15,5.2,8.9,13.7,20,11.4,18.2,,,,
136,2018.05.16,6.5,0.8,11.4,18.2,9.4,17.7,,,,
137,2018.05.17,7.6,1.5,9.4,17.7,12.8,18.2,,,,
138,2018.05.18,7.1,1.8,12.8,18.2,14.1,22.4,,,,
139,2018.05.19,3.9,1.4,14.1,22.4,12.7,22.7,,,,
140,2018.05.20,4.9,0,12.7,22.7,11.3,21.9,,,,
141,2018.05.21,6.1,0,11.3,21.9,14,22.4,,,,
142,2018.05.22,4.8,0.6,14,22.4,13.6,21.2,,,,
143,2018.05.23,3.2,1.3,13.6,21.2,15.7,23,,,,
144,2018.05.24,5.7,0,15.7,23,16.4,25.9,,,,
145,2018.05.25,4.8,0,16.4,25.9,18.1,23.1,,,,
146,2018.05.26,2,0,18.1,23.1,16.2,26.2,,,,
147,2018.05.27,2.1,4.3,16.2,26.2,17.2,25,,,,
148,2018.05.28,3.3,0,17.2,25,17.3,26.6,,,,
149,2018.05.29,5.2,0.4,17.3,26.6,18.2,23.8,,,,
150,2018.05.30,5.4,0,18.2,23.8,16.2,25.4,,,,
151,2018.05.31,3.5,0,16.2,25.4,17,27.3,,,,
152,2018.06.01,2.5,0,17,27.3,18.1,28.4,,,,
153,2018.06.02,4,0,18.1,28.4,18.5,26.9,,,,
154,2018.06.03,5.8,0,18.5,26.9,20,27.2,,,,
155,2018.06.04,2.9,2.4,20,27.2,17.3,26.4,,,,
156,2018.06.05,2.1,6.5,17.3,26.4,17.9,26.4,,,,
157,2018.06.06,6,18.7,17.9,26.4,17.3,21.7,,,,
158,2018.06.07,5.2,0.9,17.3,21.7,16.2,23.4,,,,
159,2018.06.08,3,26.1,16.2,23.4,17.6,24.6,,,,
160,2018.06.09,3.1,31,17.6,24.6,17.7,23.6,,,,
161,2018.06.10,2.4,0,17.7,23.6,19.1,27.8,,,,
162,2018.06.11,3.4,0,19.1,27.8,21.5,28.5,,,,
163,2018.06.12,4.5,9,21.5,28.5,19.2,27.7,,,,
164,2018.06.13,4.3,1.7,19.2,27.7,18,24.9,,,,
165,2018.06.14,4.5,10.8,18,24.9,17,20.6,,,,
166,2018.06.15,5.3,6.2,17,20.6,17.4,19.8,,,,
167,2018.06.16,5.9,0,17.4,19.8,18.2,24.1,,,,
168,2018.06.17,4.3,0,18.2,24.1,18.8,25.1,,,,
169,2018.06.18,5.1,0.3,18.8,25.1,18.2,25.4,,,,
170,2018.06.19,3.9,2.7,18.2,25.4,19.3,26.7,,,,
171,2018.06.20,2.5,0,19.3,26.7,20.4,27.5,,,,
172,2018.06.21,3.8,0.6,20.4,27.5,20.1,27.9,,,,
173,2018.06.22,7.6,6.3,20.1,27.9,13.7,19,,,,
174,2018.06.23,5.1,0,13.7,19,11,19.1,,,,
175,2018.06.24,5.4,0,11,19.1,10.4,18.5,,,,
176,2018.06.25,2.7,0,10.4,18.5,10.4,20.8,,,,
177,2018.06.26,3,0.3,10.4,20.8,11.6,21.9,,,,
178,2018.06.27,6.3,1.3,11.6,21.9,13.3,22.3,,,,
179,2018.06.28,6.5,11.9,13.3,22.3,15.8,21.9,,,,
180,2018.06.29,5.2,8.4,15.8,21.9,18.2,25.5,,,,
181,2018.06.30,7.7,0,18.2,25.5,14.1,20.8,,,,
182,2018.07.01,4.2,0,14.1,20.8,13.3,19.2,,,,
183,2018.07.02,3.6,0,13.3,19.2,9.6,21,,,,
184,2018.07.03,3,0,9.6,21,11.5,22.9,,,,
185,2018.07.04,2.5,0,11.5,22.9,12,26.2,,,,
186,2018.07.05,2.9,1.1,12,26.2,14.9,27.9,,,,
187,2018.07.06,3.5,6.3,14.9,27.9,17,27.8,,,,
188,2018.07.07,5.1,10.1,17,27.8,17.3,24.7,,,,
189,2018.07.08,4.8,0,17.3,24.7,15.1,23.6,,,,
190,2018.07.09,3,0.3,15.1,23.6,15.7,26.3,,,,
191,2018.07.10,2,0.7,15.7,26.3,16.1,25.4,,,,
192,2018.07.11,6,3.9,16.1,25.4,16.9,22,,,,
193,2018.07.12,4.9,3,16.9,22,13.6,23.8,,,,
194,2018.07.13,6.2,0,13.6,23.8,15.5,25.1,,,,
195,2018.07.14,5.5,0,15.5,25.1,16.7,25.1,,,,
196,2018.07.15,4.7,0,16.7,25.1,15.5,25.9,,,,
197,2018.07.16,4.7,0,15.5,25.9,15.4,26.2,,,,
198,2018.07.17,5.5,0,15.4,26.2,15.3,26.7,,,,
199,2018.07.18,10.9,1.3,15.3,26.7,19,22.8,,,,
200,2018.07.19,9.2,3.7,19,22.8,18.9,22.5,,,,
201,2018.07.20,4.8,3,18.9,22.5,18.3,25.3,,,,
202,2018.07.21,2.5,0,18.3,25.3,17.7,26.1,,,,
203,2018.07.22,3.1,21.4,17.7,26.1,17.8,25.8,,,,
204,2018.07.23,4.5,20.3,17.8,25.8,17.9,24,,,,
205,2018.07.24,4.7,0,17.9,24,17.4,27.9,,,,
206,2018.07.25,3.1,0,17.4,27.9,17.7,28.1,,,,
207,2018.07.26,2.1,1.6,17.7,28.1,17.9,27.1,,,,
208,2018.07.27,3.5,6.3,17.9,27.1,20.5,27.2,,,,
209,2018.07.28,2.9,2.5,20.5,27.2,19.3,28.3,,,,
210,2018.07.29,3.6,6.5,19.3,28.3,21.7,30.1,,,,
211,2018.07.30,3.9,0.9,21.7,30.1,21.5,28.4,,,,
212,2018.07.31,4,1,21.5,28.4,22.6,30.3,,,,
213,2018.08.01,4.4,0,22.6,30.3,22.2,30.4,,,,
214,2018.08.02,2,6.7,22.2,30.4,20.7,30.4,,,,
215,2018.08.03,4.6,0,20.7,30.4,20.6,29.2,,,,
216,2018.08.04,2.6,0,20.6,29.2,17.9,28.4,,,,
217,2018.08.05,2.7,0,17.9,28.4,17.9,30.2,,,,
218,2018.08.06,3.3,0.1,17.9,30.2,18.9,28.9,,,,
219,2018.08.07,3.4,0,18.9,28.9,18.2,29.1,,,,
220,2018.08.08,3.9,0,18.2,29.1,18.1,31.5,,,,
221,2018.08.09,4.7,0,18.1,31.5,20,32.4,,,,
222,2018.08.10,4.6,1.1,20,32.4,23,33.2,,,,
223,2018.08.11,5.1,1,23,33.2,18.7,27.6,,,,
224,2018.08.12,2.9,0,18.7,27.6,17.5,30.1,,,,
225,2018.08.13,4.8,0,17.5,30.1,18,32.4,,,,
226,2018.08.14,5.7,0,18,32.4,20,29.1,,,,
227,2018.08.15,5.6,0,20,29.1,20.2,27.2,,,,
228,2018.08.16,2.8,0,20.2,27.2,15,27.9,,,,
229,2018.08.17,3.4,0,15,27.9,17.5,29.3,,,,
230,2018.08.18,2,0.2,17.5,29.3,19.3,29.7,,,,
231,2018.08.19,4,0,19.3,29.7,18.7,31.3,,,,
232,2018.08.20,3.2,0.1,18.7,31.3,20.1,32.1,,,,
233,2018.08.21,2.5,0,20.1,32.1,21,32.3,,,,
234,2018.08.22,4,0,21,32.3,21.6,32.4,,,,
235,2018.08.23,3.9,0.9,21.6,32.4,21.6,31.2,,,,
236,2018.08.24,3.7,2.6,21.6,31.2,18.4,30.3,,,,
237,2018.08.25,6.8,0.2,18.4,30.3,18.3,24,,,,
238,2018.08.26,6.2,16.8,18.3,24,14.2,16.6,,,,
239,2018.08.27,2.5,0,14.2,16.6,8.9,21.2,,,,
240,2018.08.28,3.9,0,8.9,21.2,9.6,25.6,,,,
241,2018.08.29,3.5,0,9.6,25.6,12.1,26.4,,,,
242,2018.08.30,2.5,0,12.1,26.4,13.1,27.5,,,,
243,2018.08.31,3.4,0.9,13.1,27.5,17.2,27.4,,,,
244,2018.09.01,3.5,1.8,17.2,27.4,16.4,28.9,,,,
245,2018.09.02,4.4,2.7,16.4,28.9,17.6,27.4,,,,
246,2018.09.03,5.2,3.7,17.6,27.4,17.3,22.2,,,,
247,2018.09.04,2.4,20.5,17.3,22.2,16.4,18.4,,,,
248,2018.09.05,3.5,0.1,16.4,18.4,15.8,24.3,,,,
249,2018.09.06,2.1,0.2,15.8,24.3,14.6,22.3,,,,
250,2018.09.07,2.1,0,14.6,22.3,11.3,23.7,,,,
251,2018.09.08,4.2,0,11.3,23.7,14.9,24.4,,,,
252,2018.09.09,2.5,0,14.9,24.4,12.6,23.7,,,,
253,2018.09.10,2.7,0,12.6,23.7,11.9,23.8,,,,
254,2018.09.11,4.9,0,11.9,23.8,12.5,25.1,,,,
255,2018.09.12,2.1,0,12.5,25.1,13,26.7,,,,
256,2018.09.13,2,0,13,26.7,13.1,28.2,,,,
257,2018.09.14,2.1,0,13.1,28.2,16.2,26,,,,
258,2018.09.15,6.1,0,16.2,26,17.9,25.9,,,,
259,2018.09.16,3.4,0,17.9,25.9,13.5,22,,,,
260,2018.09.17,3,0,13.5,22,11.5,26.8,,,,
261,2018.09.18,2.3,0,11.5,26.8,10.9,25.4,,,,
262,2018.09.19,3,0,10.9,25.4,11.3,27.3,,,,
263,2018.09.20,2.1,0,11.3,27.3,12,28,,,,
264,2018.09.21,3.9,0,12,28,13.6,28.5,,,,
265,2018.09.22,9.5,0.3,13.6,28.5,12.2,17.5,,,,
266,2018.09.23,5.4,0,12.2,17.5,9.5,18.3,,,,
267,2018.09.24,10.1,3.1,9.5,18.3,10.6,18.9,,,,
268,2018.09.25,6.8,0,10.6,18.9,7.6,14.4,,,,
269,2018.09.26,4,0,7.6,14.4,3.9,14.1,,,,
270,2018.09.27,3.8,0,3.9,14.1,2.8,18.5,,,,
271,2018.09.28,3.1,0,2.8,18.5,4.6,18.1,,,,
272,2018.09.29,4.7,0.7,4.6,18.1,7,15.1,,,,
273,2018.09.30,4.4,0,7,15.1,4,15.7,,,,
274,2018.10.01,4.4,0.2,4,15.7,6.4,18,,,,
275,2018.10.02,6.3,0.8,6.4,18,6.8,14.3,,,,
276,2018.10.03,7.4,0.1,6.8,14.3,3.5,16.8,,,,
277,2018.10.04,4.3,0,3.5,16.8,5.7,15.7,,,,
278,2018.10.05,3.7,0,5.7,15.7,2.9,17.1,,,,
279,2018.10.06,5.1,0,2.9,17.1,4,20.3,,,,
280,2018.10.07,4.4,0,4,20.3,12.7,20.3,,,,
281,2018.10.08,2.6,0.4,12.7,20.3,11.9,19.6,,,,
282,2018.10.09,3.1,0,11.9,19.6,10,22.7,,,,
283,2018.10.10,2.7,0,10,22.7,9.2,23.1,,,,
284,2018.10.11,3.3,0,9.2,23.1,9,22.3,,,,
285,2018.10.12,2.9,0,9,22.3,8.6,21,,,,
286,2018.10.13,2.4,0,8.6,21,8.2,21.4,,,,
287,2018.10.14,4.3,0,8.2,21.4,8.3,19.5,,,,
288,2018.10.15,4.8,0,8.3,19.5,7.5,19.4,,,,
289,2018.10.16,4.9,0,7.5,19.4,8.5,18.8,,,,
290,2018.10.17,3.2,0,8.5,18.8,8.8,21.2,,,,
291,2018.10.18,2,0,8.8,21.2,9.4,21.1,,,,
292,2018.10.19,2.3,0,9.4,21.1,8.9,21,,,,
293,2018.10.20,5.2,0,8.9,21,7.2,19.6,,,,
294,2018.10.21,5.3,4.6,7.2,19.6,8.3,10.8,,,,
295,2018.10.22,3.5,0.3,8.3,10.8,7.7,15,,,,
296,2018.10.23,8.6,0,7.7,15,8.2,12.7,,,,
297,2018.10.24,12.6,1.4,8.2,12.7,6.8,12.8,,,,
298,2018.10.25,7.8,0.7,6.8,12.8,6,14.3,,,,
299,2018.10.26,5.1,0,6,14.3,7.1,14.1,,,,
300,2018.10.27,5.3,4.1,7.1,14.1,10.6,13.9,,,,
301,2018.10.28,7.3,6.9,10.6,13.9,11.4,20.7,,,,
302,2018.10.29,7.7,20.5,11.4,20.7,16,20.4,,,,
303,2018.10.30,7.7,4.7,16,20.4,10.8,18.1,,,,
304,2018.10.31,4.6,0,10.8,18.1,9.9,18.4,,,,
305,2018.11.01,4.7,0,9.9,18.4,8.8,20.8,,,,
306,2018.11.02,4.3,0.2,8.8,20.8,13,21.2,,,,
307,2018.11.03,2.7,0,13,21.2,11.3,19.6,,,,
308,2018.11.04,2.6,0,11.3,19.6,7.9,17.3,,,,
309,2018.11.05,4.2,0,7.9,17.3,6.6,17.2,,,,
310,2018.11.06,4.9,0,6.6,17.2,7.3,15.8,,,,
311,2018.11.07,4.8,0,7.3,15.8,6.6,15.6,,,,
312,2018.11.08,3.1,0,6.6,15.6,5.4,14.3,,,,
313,2018.11.09,3.6,0,5.4,14.3,3,12.7,,,,
314,2018.11.10,4.3,0.1,3,12.7,3.2,10.9,,,,
315,2018.11.11,4,0.2,3.2,10.9,4.8,15,,,,
316,2018.11.12,3.6,0,4.8,15,4.3,14.7,,,,
317,2018.11.13,3.8,0.1,4.3,14.7,5.8,13.8,,,,
318,2018.11.14,6.9,0,5.8,13.8,3.5,12,,,,
319,2018.11.15,2.5,0,3.5,12,0.6,10.7,,,,
320,2018.11.16,5.3,0,0.6,10.7,0.9,8.3,,,,
321,2018.11.17,5.5,0,0.9,8.3,-1.5,5.9,,,,
322,2018.11.18,2.5,0,-1.5,5.9,-3.6,6.4,,,,
323,2018.11.19,4.1,1.2,-3.6,6.4,-0.5,1.9,,,,
324,2018.11.20,8.7,4,-0.5,1.9,0.3,4.5,,,,
325,2018.11.21,5.4,4.6,0.3,4.5,3.4,4.3,,,,
326,2018.11.22,2.9,0.7,3.4,4.3,2.4,4.9,,,,
327,2018.11.23,3.7,0.6,2.4,4.9,2.7,4.8,,,,
328,2018.11.24,4.4,2.8,2.7,4.8,1.5,6.4,,,,
329,2018.11.25,4.9,14.8,1.5,6.4,4.7,6.9,,,,
330,2018.11.26,6.7,14.3,4.7,6.9,5.3,9.4,,,,
331,2018.11.27,5.6,8.8,5.3,9.4,0.9,4.6,,,,
332,2018.11.28,7.1,0.4,0.9,4.6,-3.8,1.6,,,,
333,2018.11.29,5.4,0.6,-3.8,1.6,-6.3,-0.2,,,,
334,2018.11.30,3.2,0.3,-6.3,-0.2,-5.3,-2.1,,,,
335,2018.12.01,2.8,0.1,-5.3,-2.1,-5.6,-1.8,,,,
336,2018.12.02,4.3,0,-5.6,-1.8,-4.4,0.3,,,,
337,2018.12.03,3.3,0.4,-4.4,0.3,-2.4,3.3,,,,
338,2018.12.04,5.9,0.7,-2.4,3.3,0.2,5.4,,,,
339,2018.12.05,6.7,0,0.2,5.4,-5,4.9,,,,
340,2018.12.06,3,0.1,-5,4.9,-5.9,2,,,,
341,2018.12.07,2.6,3.5,-5.9,2,-0.9,2.6,,,,
342,2018.12.08,6,6.4,-0.9,2.6,0.1,6.8,,,,
343,2018.12.09,5.7,0.8,0.1,6.8,-0.1,6.1,,,,
344,2018.12.10,7.9,0.6,-0.1,6.1,1.4,5.9,,,,
345,2018.12.11,5.6,0.8,1.4,5.9,-0.2,3.7,,,,
346,2018.12.12,5.6,0.4,-0.2,3.7,-0.9,3.1,,,,
347,2018.12.13,2,0,-0.9,3.1,-5.3,1.6,,,,
348,2018.12.14,4.5,0.7,-5.3,1.6,-5.7,-0.6,,,,
349,2018.12.15,5.8,14.8,-5.7,-0.6,-1.1,-0.4,,,,
350,2018.12.16,3,4.3,-1.1,-0.4,-4.2,-0.7,,,,
351,2018.12.17,1.9,0.4,-4.2,-0.7,-7.6,-4.3,,,,
352,2018.12.18,2,0.1,-7.6,-4.3,-8.2,-2.6,,,,
353,2018.12.19,4,0.7,-8.2,-2.6,-9.8,-7,,,,
354,2018.12.20,4.7,1.2,-9.8,-7,-8.3,-4.2,,,,
355,2018.12.21,3.1,0,-8.3,-4.2,-6.3,-0.9,,,,
356,2018.12.22,5.7,1.4,-6.3,-0.9,1.1,6.7,,,,
357,2018.12.23,6.3,0.6,1.1,6.7,2.1,6.4,,,,
358,2018.12.24,6,6.2,2.1,6.4,-2.1,4,,,,
359,2018.12.25,7.9,0.4,-2.1,4,-3.5,2,,,,
360,2018.12.26,7.1,0.2,-3.5,2,-0.8,3.8,,,,
361,2018.12.27,5.6,0,-0.8,3.8,0,5.9,,,,
362,2018.12.28,6.5,0,0,5.9,2.3,6.1,,,,
363,2018.12.29,5.7,0,2.3,6.1,0,5.1,,,,
364,2018.12.30,8.8,1.4,0,5.1,-0.7,4.8,,,,
365,2018.12.31,7.5,0.3,-0.7,4.8,-1.5,4.2,,,,
366,2019.01.01,6.1,0.9,-1.5,4.2,-4.6,2.7,,,,
367,2019.01.02,9.5,0.9,-4.6,2.7,-0.7,3.1,,,,
368,2019.01.03,7.9,0.1,-0.7,3.1,-3.3,0.3,,,,
369,2019.01.04,5.4,0.2,-3.3,0.3,-6.3,-1,,,,
370,2019.01.05,5.8,4,-6.3,-1,-3.2,2.2,,,,
371,2019.01.06,7.3,0,-3.2,2.2,-6.5,0.4,,,,
372,2019.01.07,1.9,0,-6.5,0.4,-14.9,-5.2,,,,
373,2019.01.08,4.4,4.7,-14.9,-5.2,-10.4,0,,,,
374,2019.01.09,4.6,1.9,-10.4,0,-1.2,1.8,,,,
375,2019.01.10,3.2,0.3,-1.2,1.8,-8.6,0.2,,,,
376,2019.01.11,5.6,0.1,-8.6,0.2,-9.8,-6.5,,,,
377,2019.01.12,6,1.2,-9.8,-6.5,-4.3,3.3,,,,
378,2019.01.13,5.9,1.4,-4.3,3.3,0,3.3,,,,
379,2019.01.14,10.1,4.7,0,3.3,-1.4,3.1,,,,
380,2019.01.15,8.2,0.7,-1.4,3.1,-3.2,1.2,,,,
381,2019.01.16,10,0.2,-3.2,1.2,-1.3,5.7,,,,
382,2019.01.17,6,3.3,-1.3,5.7,-1.1,10,,,,
383,2019.01.18,8.1,7.2,-1.1,10,-3.2,5.6,,,,
384,2019.01.19,3.6,0,-3.2,5.6,-4.7,0.6,,,,
385,2019.01.20,3.7,2.7,-4.7,0.6,-2.1,0,,,,
386,2019.01.21,1.8,0.1,-2.1,0,-7,0,,,,
387,2019.01.22,3,0,-7,0,-9.9,-2.4,,,,
388,2019.01.23,4.7,2.7,-9.9,-2.4,-7.1,-1.4,,,,
389,2019.01.24,3.6,1.2,-7.1,-1.4,-3.1,1.5,,,,
390,2019.01.25,6.7,2.5,-3.1,1.5,-6.3,-3.3,,,,
391,2019.01.26,7.1,0,-6.3,-3.3,-6.5,-2.7,,,,
392,2019.01.27,5.2,0.7,-6.5,-2.7,-2.1,2.7,,,,
393,2019.01.28,4.5,5.7,-2.1,2.7,-1.9,3.6,,,,
394,2019.01.29,4.8,0.1,-1.9,3.6,-3.6,3.3,,,,
395,2019.01.30,2.6,0.1,-3.6,3.3,-8.5,-1.3,,,,
396,2019.01.31,2.4,0.2,-8.5,-1.3,-3.4,0.1,,,,
397,2019.02.01,4.7,1.8,-3.4,0.1,-2,2.3,,,,
398,2019.02.02,6.7,2.5,-2,2.3,5.3,9.5,,,,
399,2019.02.03,7.6,2,5.3,9.5,3.5,11,,,,
400,2019.02.04,8.5,0.3,3.5,11,0.9,4.4,,,,
401,2019.02.05,3,0.2,0.9,4.4,-1.4,4.7,,,,
402,2019.02.06,3,0,-1.4,4.7,-4.8,3.3,,,,
403,2019.02.07,2.5,0,-4.8,3.3,-5.5,2.2,,,,
404,2019.02.08,2,0.3,-5.5,2.2,-4.5,3.8,,,,
405,2019.02.09,2.7,0.1,-4.5,3.8,-3.7,3.8,,,,
406,2019.02.10,7.7,0.8,-3.7,3.8,-4.5,6.3,,,,
407,2019.02.11,10.5,4.3,-4.5,6.3,2.6,6,,,,
408,2019.02.12,9.6,0.1,2.6,6,-0.7,3.2,,,,
409,2019.02.13,5.9,0.1,-0.7,3.2,-1.7,3.6,,,,
410,2019.02.14,6.5,0,-1.7,3.6,-0.3,7.1,,,,
411,2019.02.15,1.9,0,-0.3,7.1,-2.6,7.1,,,,
412,2019.02.16,2.3,0,-2.6,7.1,-2.3,8.4,,,,
413,2019.02.17,1.9,0,-2.3,8.4,-2.1,9.7,,,,
414,2019.02.18,2.2,0,-2.1,9.7,-2.3,7.3,,,,
415,2019.02.19,2.3,0.2,-2.3,7.3,-1.3,7.2,,,,
416,2019.02.20,4.9,0,-1.3,7.2,0.8,8.3,,,,
417,2019.02.21,4.2,0.5,0.8,8.3,-0.5,8.6,,,,
418,2019.02.22,7.6,1.6,-0.5,8.6,-2.7,10.6,,,,
419,2019.02.23,6.2,0,-2.7,10.6,-6.4,-0.8,,,,
420,2019.02.24,3.3,0,-6.4,-0.8,-6.6,1.5,,,,
421,2019.02.25,3,0,-6.6,1.5,-4,6.5,,,,
422,2019.02.26,6.9,0,-4,6.5,-3.9,10.5,,,,
423,2019.02.27,5,0,-3.9,10.5,-0.1,9.5,,,,
424,2019.02.28,8.4,0,-0.1,9.5,0.9,12.9,,,,
425,2019.03.01,5.5,0.1,0.9,12.9,4.7,11.6,,,,
426,2019.03.02,4.5,0.4,4.7,11.6,2.5,6.9,,,,
427,2019.03.03,5.7,0.5,2.5,6.9,3.1,11.7,,,,
428,2019.03.04,9.8,0,3.1,11.7,4.1,14.8,,,,
429,2019.03.05,6.9,1.5,4.1,14.8,5,11.9,,,,
430,2019.03.06,4.7,0.5,5,11.9,3.5,13.6,,,,
431,2019.03.07,8.8,0,3.5,13.6,6.5,17.2,,,,
432,2019.03.08,4.7,1.7,6.5,17.2,7.8,14.8,,,,
433,2019.03.09,5.8,0.2,7.8,14.8,5.8,12.8,,,,
434,2019.03.10,9.1,0.2,5.8,12.8,6.8,13.8,,,,
435,2019.03.11,14,0.3,6.8,13.8,3.8,9.3,,,,
436,2019.03.12,5.8,0,3.8,9.3,0,7.9,,,,
437,2019.03.13,5.7,2.1,0,7.9,-1.6,6,,,,
438,2019.03.14,3.8,0,-1.6,6,-0.9,9.5,,,,
439,2019.03.15,8.2,2.2,-0.9,9.5,4.5,10.1,,,,
440,2019.03.16,7.2,0.9,4.5,10.1,7.7,10,,,,
441,2019.03.17,6.5,0,7.7,10,3.6,17.6,,,,
442,2019.03.18,8.7,1.5,3.6,17.6,6.2,11.5,,,,
443,2019.03.19,5.5,0.4,6.2,11.5,5.2,9.9,,,,
444,2019.03.20,2.1,0,5.2,9.9,2.5,10,,,,
445,2019.03.21,2,0,2.5,10,-0.6,11.1,,,,
446,2019.03.22,2,0,-0.6,11.1,0.7,14,,,,
447,2019.03.23,2.8,0,0.7,14,2.5,15.6,,,,
448,2019.03.24,4.8,0,2.5,15.6,5.5,17.7,,,,
449,2019.03.25,5.5,0.2,5.5,17.7,7.5,12.1,,,,
450,2019.03.26,5.9,0,7.5,12.1,5.2,11,,,,
451,2019.03.27,5.6,0,5.2,11,1.6,9,,,,
452,2019.03.28,3.6,0,1.6,9,-1.1,13.2,,,,
453,2019.03.29,2.2,0,-1.1,13.2,2.3,13.8,,,,
454,2019.03.30,2,0,2.3,13.8,2.1,15.7,,,,
455,2019.03.31,2.5,0,2.1,15.7,3.1,17.7,,,,
456,2019.04.01,5.9,0,3.1,17.7,6.1,13.9,,,,
457,2019.04.02,6.6,0,6.1,13.9,5,15.2,,,,
458,2019.04.03,6.6,0,5,15.2,8.2,15.5,,,,
459,2019.04.04,7,0,8.2,15.5,9,17,,,,
460,2019.04.05,7.7,3,9,17,6.6,15,,,,
461,2019.04.06,3.5,3,6.6,15,5.9,15.5,,,,
462,2019.04.07,4,0,5.9,15.5,6.7,17.6,,,,
463,2019.04.08,3.3,0,6.7,17.6,8.6,19.7,,,,
464,2019.04.09,4.5,0.4,8.6,19.7,12,19,,,,
465,2019.04.10,5.4,0,12,19,10.9,17.5,,,,
466,2019.04.11,6.5,6.4,10.9,17.5,10,14.2,,,,
467,2019.04.12,5.4,13.4,10,14.2,7.7,10.5,,,,
468,2019.04.13,5.4,0.2,7.7,10.5,7.7,10.1,,,,
469,2019.04.14,6.4,1.3,7.7,10.1,8.4,14.4,,,,
470,2019.04.15,6.4,0,8.4,14.4,4.6,12.4,,,,
471,2019.04.16,3.9,0,4.6,12.4,2.1,12.8,,,,
472,2019.04.17,3,0,2.1,12.8,3.4,15.2,,,,
473,2019.04.18,4.1,0.1,3.4,15.2,9.2,18.4,,,,
474,2019.04.19,4,0,9.2,18.4,11.3,20.7,,,,
475,2019.04.20,3.2,0,11.3,20.7,11,19.6,,,,
476,2019.04.21,3.6,0,11,19.6,11.8,20.3,,,,
477,2019.04.22,7.1,0.3,11.8,20.3,12,19.1,,,,
478,2019.04.23,7.4,4.8,12,19.1,9.9,11.8,,,,
479,2019.04.24,6,2.1,9.9,11.8,10.2,21.4,,,,
480,2019.04.25,6.3,0,10.2,21.4,12.7,23.8,,,,
481,2019.04.26,6.1,2.8,12.7,23.8,15.8,25.9,,,,
482,2019.04.27,6.7,4.3,15.8,25.9,12.2,17.7,,,,
483,2019.04.28,8.2,0.4,12.2,17.7,11.7,15.8,,,,
484,2019.04.29,5.2,0.9,11.7,15.8,10.3,15.9,,,,
485,2019.04.30,3.8,6.1,10.3,15.9,9,16.8,,,,
486,2019.05.01,6.4,0,9,16.8,10.4,19.3,,,,
487,2019.05.02,5.5,1,10.4,19.3,10.8,21.1,,,,
488,2019.05.03,5.9,0.6,10.8,21.1,11.9,16.9,,,,
489,2019.05.04,5,10.9,11.9,16.9,12.3,17.4,,,,
490,2019.05.05,5.8,27.1,12.3,17.4,7.1,11.3,,,,
491,2019.05.06,4.9,9.1,7.1,11.3,7.1,11.7,,,,
492,2019.05.07,6.3,0,7.1,11.7,6.8,15.2,,,,
493,2019.05.08,4.6,0,6.8,15.2,7.8,17.8,,,,
494,2019.05.09,5,17,7.8,17.8,9.9,11.4,,,,
495,2019.05.10,6.6,0.6,9.9,11.4,9.9,19.3,,,,
496,2019.05.11,3.6,0.8,9.9,19.3,11.2,22.3,,,,
497,2019.05.12,4.9,9.8,11.2,22.3,13.6,22.3,,,,
498,2019.05.13,6.3,1.2,13.6,22.3,8.8,16.4,,,,
499,2019.05.14,6,30.3,8.8,16.4,6.8,10.5,,,,
500,2019.05.15,3,9.3,6.8,10.5,8.5,11.6,,,,
501,2019.05.16,2.2,0.1,8.5,11.6,7.4,17,,,,
502,2019.05.17,2.6,0,7.4,17,10.4,20,,,,
503,2019.05.18,3.9,0.2,10.4,20,11.8,23.4,,,,
504,2019.05.19,4.7,3.5,11.8,23.4,14.2,24.4,,,,
505,2019.05.20,6,7.7,14.2,24.4,15.9,22.4,,,,
506,2019.05.21,5.4,5.7,15.9,22.4,12.7,19.8,,,,
507,2019.05.22,7.1,1.5,12.7,19.8,14.3,17.6,,,,
508,2019.05.23,7.7,0,14.3,17.6,12.6,18.5,,,,
509,2019.05.24,3.5,2.2,12.6,18.5,10.5,20.5,,,,
510,2019.05.25,2.9,0,10.5,20.5,13.6,23.9,,,,
511,2019.05.26,2.8,0,13.6,23.9,16,25.6,,,,
512,2019.05.27,4.2,7.8,16,25.6,17.3,25.6,,,,
513,2019.05.28,4.2,9.4,17.3,25.6,15.3,23.6,,,,
514,2019.05.29,3.3,5.8,15.3,23.6,14.2,21.8,,,,
515,2019.05.30,4.2,23.1,14.2,21.8,12.7,16.7,,,,
516,2019.05.31,3.3,1.4,12.7,16.7,12.9,23.1,,,,
517,2019.06.01,4.9,0.9,12.9,23.1,15.8,25.2,,,,
518,2019.06.02,3.6,0,15.8,25.2,17,27.2,,,,
519,2019.06.03,3.5,0.2,17,27.2,18.1,28.1,,,,
520,2019.06.04,3.3,0,18.1,28.1,18.7,27.5,,,,
521,2019.06.05,3.9,3,18.7,27.5,19.7,27.7,,,,
522,2019.06.06,4.8,4.6,19.7,27.7,17.3,26.2,,,,
523,2019.06.07,4.1,8.8,17.3,26.2,18.2,27.7,,,,
524,2019.06.08,6,0,18.2,27.7,18.2,27.1,,,,
525,2019.06.09,3.6,0,18.2,27.1,17.9,28.1,,,,
526,2019.06.10,4.2,0,17.9,28.1,20,30.4,,,,
527,2019.06.11,4.4,0,20,30.4,21.1,30.9,,,,
528,2019.06.12,5.4,0,21.1,30.9,21.5,31.1,,,,
529,2019.06.13,4.1,3.2,21.5,31.1,22.3,33.3,,,,
530,2019.06.14,3.7,0,22.3,33.3,23.3,33,,,,
531,2019.06.15,3.9,0.3,23.3,33,23.6,33.8,,,,
532,2019.06.16,4.7,7.1,23.6,33.8,24.4,31.7,,,,
533,2019.06.17,3.7,10.7,24.4,31.7,21,29.4,,,,
534,2019.06.18,4.3,3,21,29.4,19.9,26.6,,,,
535,2019.06.19,4.8,15.9,19.9,26.6,22.9,29.7,,,,
536,2019.06.20,2.5,6.9,22.9,29.7,22.4,29.8,,,,
537,2019.06.21,4.5,0.8,22.4,29.8,21,29.2,,,,
538,2019.06.22,3.3,2.4,21,29.2,22.3,29.8,,,,
539,2019.06.23,4.2,20.1,22.3,29.8,21.1,26.8,,,,
540,2019.06.24,5.7,0.8,21.1,26.8,20.3,29,,,,
541,2019.06.25,4.2,0,20.3,29,20.4,31.3,,,,
542,2019.06.26,3.2,0,20.4,31.3,23.9,32.5,,,,
543,2019.06.27,7.5,0,23.9,32.5,23.2,32.5,,,,
544,2019.06.28,4,0,23.2,32.5,18.3,26.2,,,,
545,2019.06.29,3.2,0,18.3,26.2,18.6,28.2,,,,
546,2019.06.30,4.3,0,18.6,28.2,20.7,29.1,,,,
547,2019.07.01,3.8,0,20.7,29.1,20.8,32.2,,,,
548,2019.07.02,6.3,0,20.8,32.2,23.2,30.9,,,,
549,2019.07.03,5.1,0,23.2,30.9,20.1,27.1,,,,
550,2019.07.04,4.2,0,20.1,27.1,19.1,25.8,,,,
551,2019.07.05,5.3,0,19.1,25.8,19.7,28.4,,,,
552,2019.07.06,5.7,0,19.7,28.4,20.8,29.6,,,,
553,2019.07.07,6.6,13.3,20.8,29.6,20.8,24.3,,,,
554,2019.07.08,4.7,0,20.8,24.3,17.4,23,,,,
555,2019.07.09,5.6,0,17.4,23,17.7,22.5,,,,
556,2019.07.10,5.7,0,17.7,22.5,17.3,23.1,,,,
557,2019.07.11,5.2,0,17.3,23.1,15.1,23.9,,,,
558,2019.07.12,3.5,0,15.1,23.9,17.3,21.3,,,,
559,2019.07.13,4.9,12.9,17.3,21.3,15.9,22.4,,,,
560,2019.07.14,4.9,0.6,15.9,22.4,15.6,25.9,,,,
561,2019.07.15,3.6,0.8,15.6,25.9,17.6,23.8,,,,
562,2019.07.16,4.5,0,17.6,23.8,18,26.1,,,,
563,2019.07.17,4.9,0,18,26.1,14.7,24.6,,,,
564,2019.07.18,3.8,1,14.7,24.6,18.8,27.8,,,,
565,2019.07.19,3.5,2.4,18.8,27.8,20.2,28.5,,,,
566,2019.07.20,4.3,0,20.2,28.5,20.8,30.2,,,,
567,2019.07.21,5.2,0.6,20.8,30.2,22,32,,,,
568,2019.07.22,5.7,0,22,32,21.1,28.6,,,,
569,2019.07.23,4.6,0,21.1,28.6,21.2,27.8,,,,
570,2019.07.24,3.4,0,21.2,27.8,19.9,29.8,,,,
571,2019.07.25,2.6,0,19.9,29.8,21.6,30.1,,,,
572,2019.07.26,3.1,0.1,21.6,30.1,22.6,32.5,,,,
573,2019.07.27,3.8,12.9,22.6,32.5,21.8,30.2,,,,
574,2019.07.28,5,5.4,21.8,30.2,20.7,32.2,,,,
575,2019.07.29,4.3,4.3,20.7,32.2,20.7,29.3,,,,
576,2019.07.30,5.5,0,20.7,29.3,20.8,30.5,,,,
577,2019.07.31,4.6,0,20.8,30.5,22.6,28.7,,,,
578,2019.08.01,4.4,0.9,22.6,28.7,21.8,30.6,,,,
579,2019.08.02,4.3,0,21.8,30.6,21.8,27.9,,,,
580,2019.08.03,5.6,37.4,21.8,27.9,18.2,25.8,,,,
581,2019.08.04,3,0,18.2,25.8,17.5,26.9,,,,
582,2019.08.05,4.2,0.5,17.5,26.9,19.7,27.2,,,,
583,2019.08.06,3,0.4,19.7,27.2,20.5,31.2,,,,
584,2019.08.07,6,1.5,20.5,31.2,22.6,31.7,,,,
585,2019.08.08,5.9,0,22.6,31.7,20.7,28.8,,,,
586,2019.08.09,4.1,0.1,20.7,28.8,22,30.7,,,,
587,2019.08.10,3.2,0,22,30.7,23.1,33.4,,,,
588,2019.08.11,4.7,0,23.1,33.4,23.7,33.6,,,,
589,2019.08.12,3.7,0,23.7,33.6,24.8,36.2,,,,
590,2019.08.13,7.2,3.7,24.8,36.2,20.3,28,,,,
591,2019.08.14,4.6,12,20.3,28,17.4,23,,,,
592,2019.08.15,2.5,0,17.4,23,16.8,24.2,,,,
593,2019.08.16,4.3,1.1,16.8,24.2,19.1,25.4,,,,
594,2019.08.17,3.1,0,19.1,25.4,17.9,27.4,,,,
595,2019.08.18,4.2,0,17.9,27.4,20,29.7,,,,
596,2019.08.19,3.3,0,20,29.7,21.7,32.3,,,,
597,2019.08.20,3,0,21.7,32.3,23.3,33.6,,,,
598,2019.08.21,5.5,0.5,23.3,33.6,22.5,30.2,,,,
599,2019.08.22,3.1,2.3,22.5,30.2,19.4,27.7,,,,
600,2019.08.23,2.2,0,19.4,27.7,21.6,30.5,,,,
601,2019.08.24,4,0,21.6,30.5,23.4,32.1,,,,
602,2019.08.25,3.3,1.5,23.4,32.1,23.7,32,,,,
603,2019.08.26,4,1.3,23.7,32,24.3,31.5,,,,
604,2019.08.27,3.9,0.9,24.3,31.5,24.4,31.5,,,,
605,2019.08.28,3.2,0,24.4,31.5,24.7,33.4,,,,
606,2019.08.29,2.9,0,24.7,33.4,25.4,33.1,,,,
607,2019.08.30,2.6,0,25.4,33.1,24.7,34.7,,,,
608,2019.08.31,3.9,0.1,24.7,34.7,25,33.1,,,,
609,2019.09.01,3.7,0,25,33.1,24.8,32.3,,,,
610,2019.09.02,4.7,0,24.8,32.3,22.2,32.6,,,,
611,2019.09.03,6.8,2.2,22.2,32.6,16.1,21.9,,,,
612,2019.09.04,1.9,0,16.1,21.9,15.9,25.6,,,,
613,2019.09.05,2,0,15.9,25.6,18.6,26.5,,,,
614,2019.09.06,4,0,18.6,26.5,17.3,26.3,,,,
615,2019.09.07,3,2.4,17.3,26.3,18.2,20.5,,,,
616,2019.09.08,2.6,5.3,18.2,20.5,17.6,23,,,,
617,2019.09.09,5.6,20.3,17.6,23,15,21.8,,,,
618,2019.09.10,3.2,0,15,21.8,14.7,22.7,,,,
619,2019.09.11,2,0,14.7,22.7,16.7,26.1,,,,
620,2019.09.12,5.4,0,16.7,26.1,19.7,25.5,,,,
621,2019.09.13,4.3,0,19.7,25.5,16.3,25.4,,,,
622,2019.09.14,4.4,0,16.3,25.4,18.4,25.6,,,,
623,2019.09.15,3.2,0,18.4,25.6,15.7,23.8,,,,
624,2019.09.16,3.5,0,15.7,23.8,17.5,26.7,,,,
625,2019.09.17,6.1,0,17.5,26.7,16.7,22,,,,
626,2019.09.18,8.4,0,16.7,22,11.2,17.2,,,,
627,2019.09.19,4.8,0,11.2,17.2,10.4,17.1,,,,
628,2019.09.20,3.5,0,10.4,17.1,9.8,18.8,,,,
629,2019.09.21,2,0,9.8,18.8,12.4,19.5,,,,
630,2019.09.22,4.2,0,12.4,19.5,13.1,22.5,,,,
631,2019.09.23,4.7,0,13.1,22.5,13.7,17.7,,,,
632,2019.09.24,2.1,0,13.7,17.7,14.2,20.4,,,,
633,2019.09.25,3.3,1.3,14.2,20.4,14.9,20.2,,,,
634,2019.09.26,5.2,1.9,14.9,20.2,14.5,21.1,,,,
635,2019.09.27,2.8,0,14.5,21.1,14.7,23,,,,
636,2019.09.28,3.6,0.7,14.7,23,16.4,17.5,,,,
637,2019.09.29,4.4,0,16.4,17.5,14.7,22.6,,,,
638,2019.09.30,10.7,0,14.7,22.6,15.9,24,,,,
639,2019.10.01,4.7,0,15.9,24,13.4,22.7,,,,
640,2019.10.02,5.5,2.5,13.4,22.7,15.9,23.1,,,,
641,2019.10.03,9.1,0.3,15.9,23.1,10.2,15.2,,,,
642,2019.10.04,3.5,0,10.2,15.2,8.1,16.2,,,,
643,2019.10.05,7.3,4.1,8.1,16.2,10.3,13.1,,,,
644,2019.10.06,7.1,0.3,10.3,13.1,8.9,14.6,,,,
645,2019.10.07,3.4,0,8.9,14.6,8.2,12.1,,,,
646,2019.10.08,4.3,0,8.2,12.1,7.2,13.9,,,,
647,2019.10.09,7.9,0,7.2,13.9,10.3,19.2,,,,
648,2019.10.10,6.8,2.2,10.3,19.2,11.1,15.4,,,,
649,2019.10.11,4.2,0,11.1,15.4,9.4,17.3,,,,
650,2019.10.12,3.1,0,9.4,17.3,11.1,20.6,,,,
651,2019.10.13,2.2,0,11.1,20.6,13.3,20.6,,,,
652,2019.10.14,3.2,0,13.3,20.6,14.6,21.4,,,,
653,2019.10.15,3.6,0,14.6,21.4,14.8,22.7,,,,
654,2019.10.16,3.1,0,14.8,22.7,14.1,17.3,,,,
655,2019.10.17,1.6,0,14.1,17.3,13.8,21.5,,,,
656,2019.10.18,3.1,0,13.8,21.5,14.5,21,,,,
657,2019.10.19,5.5,0,14.5,21,13.4,21.6,,,,
658,2019.10.20,5.1,0,13.4,21.6,15,22.8,,,,
659,2019.10.21,3.7,0,15,22.8,15.6,23.6,,,,
660,2019.10.22,1.5,0,15.6,23.6,15.7,23,,,,
661,2019.10.23,2.7,0,15.7,23,16.2,23.3,,,,
662,2019.10.24,2.8,0,16.2,23.3,14.8,22.1,,,,
663,2019.10.25,2.3,0,14.8,22.1,14.7,21.9,,,,
664,2019.10.26,1.7,0,14.7,21.9,13.7,19.7,,,,
665,2019.10.27,1.2,0,13.7,19.7,13.6,20.4,,,,
666,2019.10.28,4,0,13.6,20.4,12.3,17.2,,,,
667,2019.10.29,2.4,9.8,12.3,17.2,9.3,11.4,,,,
668,2019.10.30,3.1,0,9.3,11.4,7.5,11.5,,,,
669,2019.10.31,1.5,0,7.5,11.5,5.6,10.1,,,,
670,2019.11.01,3.5,0,5.6,10.1,5.3,9.7,,,,
671,2019.11.02,4.8,0,5.3,9.7,6.3,11.1,,,,
672,2019.11.03,6.6,0.4,6.3,11.1,9.8,16.4,,,,
673,2019.11.04,5.3,9.6,9.8,16.4,9.9,15.7,,,,
674,2019.11.05,6.6,12.3,9.9,15.7,9.2,16.3,,,,
675,2019.11.06,4.3,5.1,9.2,16.3,9.7,12.7,,,,
676,2019.11.07,2.2,8.2,9.7,12.7,9.6,13.9,,,,
677,2019.11.08,4.3,0,9.6,13.9,8.5,13.5,,,,
678,2019.11.09,3.1,0,8.5,13.5,10.5,15.1,,,,
679,2019.11.10,4.2,1.3,10.5,15.1,7.4,10.1,,,,
680,2019.11.11,6.1,0,7.4,10.1,5.5,10.2,,,,
681,2019.11.12,3.5,1.9,5.5,10.2,7,10.2,,,,
682,2019.11.13,7.7,14.9,7,10.2,10.4,16.4,,,,
683,2019.11.14,3.9,0.3,10.4,16.4,6.4,11.4,,,,
684,2019.11.15,3.8,0,6.4,11.4,8.4,14.5,,,,
685,2019.11.16,4,0,8.4,14.5,10.3,16.3,,,,
686,2019.11.17,4.6,0,10.3,16.3,10.2,13.8,,,,
687,2019.11.18,5,0.2,10.2,13.8,9.6,14.1,,,,
688,2019.11.19,3.5,0,9.6,14.1,8.1,11.6,,,,
689,2019.11.20,4.9,4.3,8.1,11.6,9.3,10.9,,,,
690,2019.11.21,4,5.3,9.3,10.9,9.5,11.5,,,,
691,2019.11.22,5.1,1.3,9.5,11.5,8.4,11.8,,,,
692,2019.11.23,5.3,0,8.4,11.8,4.6,9,,,,
693,2019.11.24,4.5,0,4.6,9,5.7,9.8,,,,
694,2019.11.25,1.8,0,5.7,9.8,5.7,10.6,,,,
695,2019.11.26,1.2,0,5.7,10.6,6.6,10.2,,,,
696,2019.11.27,5,2.6,6.6,10.2,5.4,9.7,,,,
697,2019.11.28,2.6,7.5,5.4,9.7,9,10.3,,,,
698,2019.11.29,3.8,0,9,10.3,7.4,11,,,,
699,2019.11.30,7.4,0,7.4,11,1.6,5.5,,,,
700,2019.12.01,4.7,0,1.6,5.5,0.7,4.2,,,,
701,2019.12.02,4.7,6.7,0.7,4.2,0.2,1.8,,,,
702,2019.12.03,4.1,0,0.2,1.8,-1.6,1,,,,
703,2019.12.04,2,0,-1.6,1,-3.5,-0.7,,,,
704,2019.12.05,2.4,0,-3.5,-0.7,-2.6,-0.2,,,,
705,2019.12.06,1.6,0,-2.6,-0.2,-2.8,0.2,,,,
706,2019.12.07,2.6,0,-2.8,0.2,-1.6,2.8,,,,
707,2019.12.08,2.1,0,-1.6,2.8,1.6,6.3,,,,
708,2019.12.09,3.3,3.3,1.6,6.3,4.2,6.2,,,,
709,2019.12.10,8.3,4.9,4.2,6.2,1.2,5.7,,,,
710,2019.12.11,2.6,0,1.2,5.7,-0.4,2.4,,,,
711,2019.12.12,2.9,4.7,-0.4,2.4,1,3.5,,,,
712,2019.12.13,4.5,5,1,3.5,3.3,5,,,,
713,2019.12.14,4.2,1.6,3.3,5,3.7,4.7,,,,
714,2019.12.15,3.4,0,3.7,4.7,2.5,7.4,,,,
715,2019.12.16,3.8,0,2.5,7.4,4.6,9.2,,,,
716,2019.12.17,6.7,0,4.6,9.2,7.2,14.1,,,,
717,2019.12.18,3.9,0,7.2,14.1,7.6,12,,,,
718,2019.12.19,2.3,0,7.6,12,6.3,8.9,,,,
719,2019.12.20,6.1,0,6.3,8.9,5.2,10.1,,,,
720,2019.12.21,6.3,4.5,5.2,10.1,9.6,10.9,,,,
721,2019.12.22,6.3,17.2,9.6,10.9,6.2,9.3,,,,
722,2019.12.23,9.9,4.9,6.2,9.3,7,7.6,,,,
723,2019.12.24,9.4,0,7,7.6,5.4,7.8,,,,
724,2019.12.25,6.2,3.1,5.4,7.8,4.6,8.3,,,,
725,2019.12.26,6,0,4.6,8.3,3.2,6.4,,,,
726,2019.12.27,4.9,0,3.2,6.4,1.6,4.6,,,,
727,2019.12.28,7.2,0,1.6,4.6,-0.1,3,,,,
728,2019.12.29,3.2,0,-0.1,3,-1.1,1,,,,
729,2019.12.30,2.3,0,-1.1,1,-1.5,1.1,,,,
730,2019.12.31,5.1,0,-1.5,1.1,-0.6,4.4,,,,
731,2020.01.01,4.5,0,-0.6,4.4,0.2,3,,,,
732,2020.01.02,1.6,0,0.2,3,-0.5,3.3,,,,
733,2020.01.03,1.6,0,-0.5,3.3,-0.7,2.4,,,,
734,2020.01.04,7.4,0,-0.7,2.4,1.1,6.7,,,,
735,2020.01.05,7.9,0.1,1.1,6.7,-0.7,3.5,,,,
736,2020.01.06,1.7,0,-0.7,3.5,-1,1,,,,
737,2020.01.07,1.5,0,-1,1,-1.3,1.7,,,,
738,2020.01.08,1.2,0,-1.3,1.7,-1.2,1.1,,,,
739,2020.01.09,1.8,0,-1.2,1.1,-1,1.3,,,,
740,2020.01.10,2.6,0,-1,1.3,-0.7,1.5,,,,
741,2020.01.11,4.8,0,-0.7,1.5,0.2,6.5,,,,
742,2020.01.12,1.4,0,0.2,6.5,0.8,4.2,,,,
743,2020.01.13,1.9,0,0.8,4.2,-0.3,2.7,,,,
744,2020.01.14,2.1,0,-0.3,2.7,-0.5,2.9,,,,
745,2020.01.15,2.3,0,-0.5,2.9,-0.4,3.1,,,,
746,2020.01.16,1.4,0,-0.4,3.1,-0.1,3,,,,
747,2020.01.17,2.2,0,-0.1,3,-0.3,2.5,,,,
748,2020.01.18,2.3,0,-0.3,2.5,-0.8,1.7,,,,
749,2020.01.19,2.5,0.1,-0.8,1.7,0.1,2.8,,,,
750,2020.01.20,2.6,0,0.1,2.8,-0.1,4.4,,,,
751,2020.01.21,1.5,0,-0.1,4.4,-0.5,3.6,,,,
752,2020.01.22,4.7,0,-0.5,3.6,-0.9,2.8,,,,
753,2020.01.23,4.6,0,-0.9,2.8,-0.6,3.4,,,,
754,2020.01.24,1.9,0,-0.6,3.4,-1.6,1.7,,,,
755,2020.01.25,1.6,0.9,-1.6,1.7,-0.9,1.6,,,,
756,2020.01.26,1.9,0.4,-0.9,1.6,0.3,1.2,,,,
757,2020.01.27,2,0,0.3,1.2,1.5,5.7,,,,
758,2020.01.28,3.6,6.8,1.5,5.7,0.3,4.7,,,,
759,2020.01.29,6.8,0.1,0.3,4.7,1.5,5.3,,,,
760,2020.01.30,6.7,0.4,1.5,5.3,0.3,4.5,,,,
761,2020.01.31,7.1,0.7,0.3,4.5,1.5,11,,,,
762,2020.02.01,3.3,0,1.5,11,5.5,10.6,,,,
763,2020.02.02,8.4,0.4,5.5,10.6,8.6,12.8,,,,
764,2020.02.03,7.6,5,8.6,12.8,7.3,10.8,,,,
765,2020.02.04,12.6,9.8,7.3,10.8,3,7.4,,,,
766,2020.02.05,11.2,0,3,7.4,0.9,7,,,,
767,2020.02.06,7.3,0,0.9,7,-0.1,4.3,,,,
768,2020.02.07,5.3,0,-0.1,4.3,1.2,6.8,,,,
769,2020.02.08,3.7,0,1.2,6.8,-0.8,4.1,,,,
770,2020.02.09,2.9,0,-0.8,4.1,-0.6,5.3,,,,
771,2020.02.10,8.6,0.4,-0.6,5.3,3.5,12,,,,
772,2020.02.11,11,2.1,3.5,12,4.4,7.9,,,,
773,2020.02.12,7.3,0,4.4,7.9,2.2,6.4,,,,
774,2020.02.13,6.3,1,2.2,6.4,1.4,7.4,,,,
775,2020.02.14,6.7,4.3,1.4,7.4,4.9,8,,,,
776,2020.02.15,3.4,0,4.9,8,2.5,8.2,,,,
777,2020.02.16,3.6,0,2.5,8.2,2,9.1,,,,
778,2020.02.17,2.6,0,2,9.1,3.6,11,,,,
779,2020.02.18,6.1,0.4,3.6,11,6,10.8,,,,
780,2020.02.19,6,0.2,6,10.8,3.1,7.8,,,,
781,2020.02.20,5.8,0,3.1,7.8,2.2,6.8,,,,
782,2020.02.21,8.8,0.4,2.2,6.8,2.6,7.8,,,,
783,2020.02.22,4.9,0,2.6,7.8,1.6,8.6,,,,
784,2020.02.23,8.5,0.4,1.6,8.6,5,10.8,,,,
785,2020.02.24,9.6,1.9,5,10.8,5,12.3,,,,
786,2020.02.25,5.5,1.9,5,12.3,4.2,14.4,,,,
787,2020.02.26,7.7,7.1,4.2,14.4,4.7,8.9,,,,
788,2020.02.27,7.8,0,4.7,8.9,2.6,6.8,,,,
789,2020.02.28,11.9,3.7,2.6,6.8,2.1,7.1,,,,
790,2020.02.29,6.6,0,2.1,7.1,1.4,8.9,,,,
791,2020.03.01,6.2,5.6,1.4,8.9,6.5,9.6,,,,
792,2020.03.02,6.6,12.9,6.5,9.6,7.5,12.4,,,,
793,2020.03.03,4.7,4.3,7.5,12.4,6.1,10.5,,,,
794,2020.03.04,6.4,0,6.1,10.5,5.1,8.9,,,,
795,2020.03.05,4,0,5.1,8.9,2.9,9.8,,,,
796,2020.03.06,4.8,11.8,2.9,9.8,3.8,5.6,,,,
797,2020.03.07,6.8,1.2,3.8,5.6,4.9,9.3,,,,
798,2020.03.08,4.5,0,4.9,9.3,2.5,9,,,,
799,2020.03.09,2.6,0,2.5,9,3.4,10,,,,
800,2020.03.10,4.6,0,3.4,10,4.4,11.3,,,,
801,2020.03.11,4.8,1.5,4.4,11.3,6.8,14.6,,,,
802,2020.03.12,5.3,0,6.8,14.6,9.5,16.7,,,,
803,2020.03.13,7.6,0.4,9.5,16.7,7.2,13.1,,,,
804,2020.03.14,5.8,0,7.2,13.1,4.8,9.7,,,,
805,2020.03.15,4.1,0,4.8,9.7,2.1,8.9,,,,
806,2020.03.16,6.1,0,2.1,8.9,2.5,10.6,,,,
807,2020.03.17,1.5,0,2.5,10.6,4.1,13.1,,,,
808,2020.03.18,1.7,0,4.1,13.1,7.8,15.5,,,,
809,2020.03.19,2.2,0,7.8,15.5,8.9,17.2,,,,
810,2020.03.20,2.8,0,8.9,17.2,10.5,17.6,,,,
811,2020.03.21,6.9,2.9,10.5,17.6,4.8,15.4,,,,
812,2020.03.22,4.8,1,4.8,15.4,1.4,5.8,,,,
813,2020.03.23,9.3,1.1,1.4,5.8,0,3.7,,,,
814,2020.03.24,7.7,0,0,3.7,0.1,6.2,,,,
815,2020.03.25,6.2,0,0.1,6.2,0.5,5,,,,
816,2020.03.26,5.4,0,0.5,5,3,11.9,,,,
817,2020.03.27,3.6,0,3,11.9,6.2,14.4,,,,
818,2020.03.28,2.7,0,6.2,14.4,8,16.4,,,,
819,2020.03.29,5.7,0,8,16.4,8.8,15.8,,,,
820,2020.03.30,4.2,1.4,8.8,15.8,2,8.1,,,,
821,2020.03.31,2.8,0,2,8.1,1.6,8.3,,,,
822,2020.04.01,1.9,0,1.6,8.3,3.1,10,,,,
823,2020.04.02,2.8,0,3.1,10,3.2,11.1,,,,
824,2020.04.03,4.1,0,3.2,11.1,4.2,13.8,,,,
825,2020.04.04,3.8,0,4.2,13.8,6.6,15,,,,
826,2020.04.05,4.6,0,6.6,15,7.9,15.9,,,,
827,2020.04.06,3.8,0,7.9,15.9,8,15.6,,,,
828,2020.04.07,1.9,0,8,15.6,8.2,17,,,,
829,2020.04.08,1.4,0,8.2,17,9.8,19.2,,,,
830,2020.04.09,3.9,0,9.8,19.2,11.3,20.5,,,,
831,2020.04.10,4.7,0,11.3,20.5,12.5,18.8,,,,
832,2020.04.11,2.5,0,12.5,18.8,10.6,18.9,,,,
833,2020.04.12,3.4,0,10.6,18.9,10.8,17.9,,,,
834,2020.04.13,6.1,0.3,10.8,17.9,11.9,21.1,,,,
835,2020.04.14,6.9,0.2,11.9,21.1,7.2,10.9,,,,
836,2020.04.15,5,0,7.2,10.9,5.3,13.6,,,,
837,2020.04.16,4.1,0,5.3,13.6,8.1,19.5,,,,
838,2020.04.17,5.4,0,8.1,19.5,11.4,21.4,,,,
839,2020.04.18,3,1,11.4,21.4,12.7,20.5,,,,
840,2020.04.19,5.1,11.4,12.7,20.5,12.4,17,,,,
841,2020.04.20,5.5,0,12.4,17,8.4,15.4,,,,
842,2020.04.21,6,0,8.4,15.4,7.8,16.2,,,,
843,2020.04.22,4.1,0,7.8,16.2,8.4,17.2,,,,
844,2020.04.23,2.8,0,8.4,17.2,9.6,18.5,,,,
845,2020.04.24,4.7,0,9.6,18.5,11.4,18.9,,,,
846,2020.04.25,8.5,0.4,11.4,18.9,12.3,18.4,,,,
847,2020.04.26,3.2,0,12.3,18.4,9.2,18.3,,,,
848,2020.04.27,3.9,0,9.2,18.3,10.9,18.8,,,,
849,2020.04.28,5.3,2.5,10.9,18.8,12.1,22.2,,,,
850,2020.04.29,5.6,3.1,12.1,22.2,14.2,18.4,,,,
851,2020.04.30,6.3,0.5,14.2,18.4,12.1,21,,,,
852,2020.05.01,4.8,1.1,12.1,21,14.1,19.1,,,,
853,2020.05.02,6,0,14.1,19.1,12.3,19.4,,,,
854,2020.05.03,7.9,0,12.3,19.4,10.9,17.8,,,,
855,2020.05.04,4.1,0.1,10.9,17.8,10,19.5,,,,
856,2020.05.05,7.4,4.8,10,19.5,12,17.5,,,,
857,2020.05.06,8.5,0,12,17.5,8,15.6,,,,
858,2020.05.07,8,0,8,15.6,9.4,16.3,,,,
859,2020.05.08,2.6,0,9.4,16.3,9.7,21.8,,,,
860,2020.05.09,3.4,0,9.7,21.8,14.1,23.1,,,,
861,2020.05.10,4.2,0,14.1,23.1,15.8,24,,,,
862,2020.05.11,8.3,0,15.8,24,15.8,24.6,,,,
863,2020.05.12,7.9,0,15.8,24.6,8.4,15.5,,,,
864,2020.05.13,3.5,1,8.4,15.5,7.3,11.2,,,,
865,2020.05.14,4.7,0.6,7.3,11.2,11.3,22.4,,,,
866,2020.05.15,7.6,4.1,11.3,22.4,11.1,19.4,,,,
867,2020.05.16,3.1,0,11.1,19.4,9.1,19.9,,,,
868,2020.05.17,3.5,6.3,9.1,19.9,12.8,20.9,,,,
869,2020.05.18,2.4,0,12.8,20.9,13.7,24.3,,,,
870,2020.05.19,4,0.1,13.7,24.3,16.7,25.1,,,,
871,2020.05.20,3.7,9.7,16.7,25.1,15.7,19.7,,,,
872,2020.05.21,4.9,0,15.7,19.7,13.2,20,,,,
873,2020.05.22,4.1,0,13.2,20,11,19.1,,,,
874,2020.05.23,3.1,1.5,11,19.1,13,16.8,,,,
875,2020.05.24,9.9,2.7,13,16.8,12,19.9,,,,
876,2020.05.25,7.1,0.2,12,19.9,12,17.9,,,,
877,2020.05.26,4.8,2,12,17.9,10.5,20.4,,,,
878,2020.05.27,3.9,1.2,10.5,20.4,12.1,21.8,,,,
879,2020.05.28,6.1,0.3,12.1,21.8,13.1,20.9,,,,
880,2020.05.29,4.8,1.2,13.1,20.9,12.5,20.4,,,,
881,2020.05.30,3.9,5.1,12.5,20.4,12.5,19.7,,,,
882,2020.05.31,8.3,0,12.5,19.7,10.7,13.4,,,,
883,2020.06.01,4.3,1.5,10.7,13.4,12.1,22.4,,,,
884,2020.06.02,4.8,0.2,12.1,22.4,13.5,19.9,,,,
885,2020.06.03,3.9,1.3,13.5,19.9,11.7,21.8,,,,
886,2020.06.04,7.9,1.3,11.7,21.8,14.6,24.5,,,,
887,2020.06.05,7.6,9.1,14.6,24.5,16.6,23.3,,,,
888,2020.06.06,3.4,1.9,16.6,23.3,14.8,25.9,,,,
889,2020.06.07,4.5,12.1,14.8,25.9,19.3,27,,,,
890,2020.06.08,4.2,3.1,19.3,27,15.4,23.6,,,,
891,2020.06.09,2.1,1.6,15.4,23.6,15.9,26.1,,,,
892,2020.06.10,3.3,8.2,15.9,26.1,18.7,25.1,,,,
893,2020.06.11,3,2.4,18.7,25.1,18.4,25.3,,,,
894,2020.06.12,2.2,0.4,18.4,25.3,16.5,26.5,,,,
895,2020.06.13,2.3,1.2,16.5,26.5,19.1,30.2,,,,
896,2020.06.14,3.2,17.6,19.1,30.2,22.2,28.3,,,,
897,2020.06.15,3.3,19,22.2,28.3,18.1,23.6,,,,
898,2020.06.16,4.1,19.3,18.1,23.6,18,21.3,,,,
899,2020.06.17,3.8,9.9,18,21.3,18.9,23.1,,,,
900,2020.06.18,5.5,10.2,18.9,23.1,18.6,22.5,,,,
901,2020.06.19,7.9,0,18.6,22.5,16.8,24,,,,
902,2020.06.20,7.6,0,16.8,24,16.6,20.3,,,,
903,2020.06.21,6.8,2.8,16.6,20.3,15.1,21.2,,,,
904,2020.06.22,5.8,0.8,15.1,21.2,17.1,22.8,,,,
905,2020.06.23,4.4,0,17.1,22.8,18.8,26.2,,,,
906,2020.06.24,3.7,0,18.8,26.2,15.8,25.1,,,,
907,2020.06.25,3.3,0,15.8,25.1,18.2,27.5,,,,
908,2020.06.26,6.2,3.6,18.2,27.5,20.3,29.7,,,,
909,2020.06.27,4.4,2.3,20.3,29.7,20.7,30.4,,,,
910,2020.06.28,3.5,0,20.7,30.4,22.9,33,,,,
911,2020.06.29,9.6,2.3,22.9,33,19.1,32,,,,
912,2020.06.30,4.8,0,19.1,32,18,27.6,,,,
913,2020.07.01,4.1,0,18,27.6,20.7,30.5,,,,
914,2020.07.02,3.1,3.9,20.7,30.5,23.1,31.8,,,,
915,2020.07.03,7,6.4,23.1,31.8,21.4,25.2,,,,
916,2020.07.04,3.5,1.2,21.4,25.2,20.4,28.1,,,,
917,2020.07.05,4.1,0,20.4,28.1,19.3,29.3,,,,
918,2020.07.06,7.6,0,19.3,29.3,21.9,29.8,,,,
919,2020.07.07,9.1,1.3,21.9,29.8,15.8,23.1,,,,
920,2020.07.08,3.5,0,15.8,23.1,16.2,26.5,,,,
921,2020.07.09,3.7,0,16.2,26.5,19.4,26.7,,,,
922,2020.07.10,4.8,0,19.4,26.7,20.7,31.8,,,,
923,2020.07.11,6.3,3.5,20.7,31.8,18.1,31.2,,,,
924,2020.07.12,5.2,4,18.1,31.2,16.2,22.6,,,,
925,2020.07.13,3.2,0.3,16.2,22.6,17.1,23.8,,,,
926,2020.07.14,2.2,0,17.1,23.8,17.4,24.6,,,,
927,2020.07.15,3.4,0,17.4,24.6,18.1,26,,,,
928,2020.07.16,5,0,18.1,26,18.6,24.6,,,,
929,2020.07.17,4.7,0.8,18.6,24.6,16.4,23.1,,,,
930,2020.07.18,2.6,2.1,16.4,23.1,17.1,21.2,,,,
931,2020.07.19,2.2,3.2,17.1,21.2,16.4,27.4,,,,
932,2020.07.20,4.1,0,16.4,27.4,18.4,28.9,,,,
933,2020.07.21,3.8,0.4,18.4,28.9,21,30.2,,,,
934,2020.07.22,3.9,2.8,21,30.2,20.9,28.2,,,,
935,2020.07.23,3.8,0,20.9,28.2,22.6,29.5,,,,
936,2020.07.24,4.8,7.3,22.6,29.5,21.2,29.8,,,,
937,2020.07.25,4.1,5.7,21.2,29.8,20.2,27.3,,,,
938,2020.07.26,4.1,0,20.2,27.3,19.4,29.2,,,,
939,2020.07.27,4.2,0,19.4,29.2,20.9,29.7,,,,
940,2020.07.28,4.4,0,20.9,29.7,22.6,32.9,,,,
941,2020.07.29,5,0,22.6,32.9,23.8,30.5,,,,
942,2020.07.30,3.2,0,23.8,30.5,24,32.8,,,,
943,2020.07.31,4.6,0,24,32.8,24.6,31.4,,,,
944,2020.08.01,3.9,0,24.6,31.4,21.2,28.8,,,,
945,2020.08.02,4.3,0,21.2,28.8,20.5,29.8,,,,
946,2020.08.03,5.2,0.5,20.5,29.8,21.7,31.5,,,,
947,2020.08.04,5.4,4.3,21.7,31.5,20.6,29.6,,,,
948,2020.08.05,3.1,3.4,20.6,29.6,20.6,25,,,,
949,2020.08.06,4.7,1.3,20.6,25,20.5,29.7,,,,
950,2020.08.07,5.8,0,20.5,29.7,22.7,31.5,,,,
951,2020.08.08,3.8,0,22.7,31.5,24.2,32.9,,,,
952,2020.08.09,3.1,0,24.2,32.9,24.8,33,,,,
953,2020.08.10,2.8,1.5,24.8,33,25.3,33,,,,
954,2020.08.11,3.8,1.4,25.3,33,23.5,33.1,,,,
955,2020.08.12,4,0,23.5,33.1,24.1,32.1,,,,
956,2020.08.13,3.2,0,24.1,32.1,22.6,31.3,,,,
957,2020.08.14,3.3,0,22.6,31.3,24.6,31,,,,
958,2020.08.15,2.6,1.1,24.6,31,23,28.9,,,,
959,2020.08.16,3.4,25.9,23,28.9,20.5,26,,,,
960,2020.08.17,3.9,4.4,20.5,26,21.8,30.9,,,,
961,2020.08.18,4.3,6.6,21.8,30.9,22.1,27.4,,,,
962,2020.08.19,4.5,1.1,22.1,27.4,21.2,27.8,,,,
963,2020.08.20,3.6,0,21.2,27.8,20,30.1,,,,
964,2020.08.21,2.7,0,20,30.1,22.3,31.6,,,,
965,2020.08.22,2.1,0,22.3,31.6,23.2,32.9,,,,
966,2020.08.23,4.9,3.7,23.2,32.9,21.6,28.7,,,,
967,2020.08.24,4,0,21.6,28.7,22,28.9,,,,
968,2020.08.25,4.6,0,22,28.9,21,26.7,,,,
969,2020.08.26,5.6,0,21,26.7,20.4,30.3,,,,
970,2020.08.27,7.7,0,20.4,30.3,19.5,26.1,,,,
971,2020.08.28,4.8,0,19.5,26.1,19,29.1,,,,
972,2020.08.29,6.7,0,19,29.1,22.1,32.7,,,,
973,2020.08.30,7.6,0,22.1,32.7,23.4,34.3,,,,
974,2020.08.31,7,0.2,23.4,34.3,19.1,26.2,,,,
975,2020.09.01,5.5,16.7,19.1,26.2,15.7,19.7,,,,
976,2020.09.02,5.3,0,15.7,19.7,13.9,24,,,,
977,2020.09.03,4.1,0,13.9,24,17.1,25.1,,,,
978,2020.09.04,3,0,17.1,25.1,16.7,25.9,,,,
979,2020.09.05,2.4,0,16.7,25.9,19.7,28.9,,,,
980,2020.09.06,2.3,0,19.7,28.9,21,30.1,,,,
981,2020.09.07,4.9,0.2,21,30.1,20.4,26.5,,,,
982,2020.09.08,2.8,0,20.4,26.5,17.5,25.9,,,,
983,2020.09.09,2.1,0,17.5,25.9,18.5,28,,,,
984,2020.09.10,3,0,18.5,28,19.6,27.7,,,,
985,2020.09.11,2.8,0,19.6,27.7,19.6,27.5,,,,
986,2020.09.12,3,0,19.6,27.5,20.5,29.6,,,,
987,2020.09.13,2.7,0,20.5,29.6,22.3,30.2,,,,
988,2020.09.14,3.9,0,22.3,30.2,22.4,30.5,,,,
989,2020.09.15,3.9,0,22.4,30.5,22.8,30.7,,,,
990,2020.09.16,2.7,0,22.8,30.7,23,30.5,,,,
991,2020.09.17,3.9,0.8,23,30.5,19.9,30.5,,,,
992,2020.09.18,3.6,0,19.9,30.5,17.2,23.5,,,,
993,2020.09.19,2.6,0,17.2,23.5,16.5,23.1,,,,
994,2020.09.20,4,0,16.5,23.1,16.3,25.7,,,,
995,2020.09.21,4.1,0,16.3,25.7,17.8,26.8,,,,
996,2020.09.22,4.7,0,17.8,26.8,18.5,28.1,,,,
997,2020.09.23,2.5,1.8,18.5,28.1,19.4,26.4,,,,
998,2020.09.24,2,1,19.4,26.4,18.9,24.9,,,,
999,2020.09.25,5.6,9.2,18.9,24.9,18.5,21.6,,,,
1000,2020.09.26,7.6,10.4,18.5,21.6,11.8,18.3,,,,
1001,2020.09.27,6,0,11.8,18.3,9.5,16.9,,,,
1002,2020.09.28,6,8.5,9.5,16.9,13.3,19.6,,,,
1003,2020.09.29,6,0.2,13.3,19.6,13.4,17,,,,
1004,2020.09.30,6.9,0.2,13.4,17,11.9,16,,,,
1005,2020.10.01,5.2,6,11.9,16,13.9,15.8,,,,
1006,2020.10.02,4.3,0.2,13.9,15.8,12.5,21.6,,,,
1007,2020.10.03,6.9,0,12.5,21.6,16.1,27,,,,
1008,2020.10.04,6.4,6,16.1,27,17.6,22.4,,,,
1009,2020.10.05,5.7,0,17.6,22.4,16.2,22.8,,,,
1010,2020.10.06,4.3,0,16.2,22.8,14.8,21.9,,,,
1011,2020.10.07,6.8,2.5,14.8,21.9,14.5,15.9,,,,
1012,2020.10.08,6.6,0,14.5,15.9,11.3,18.1,,,,
1013,2020.10.09,2.5,0,11.3,18.1,12.1,18.8,,,,
1014,2020.10.10,2.3,0,12.1,18.8,15.1,20.6,,,,
1015,2020.10.11,3.7,1.5,15.1,20.6,12.5,14.7,,,,
1016,2020.10.12,4.9,30.1,12.5,14.7,9.6,13.5,,,,
1017,2020.10.13,7.9,32.5,9.6,13.5,8,10.1,,,,
1018,2020.10.14,8.9,8.8,8,10.1,7.5,13.1,,,,
1019,2020.10.15,4.2,10.4,7.5,13.1,10.3,12.6,,,,
1020,2020.10.16,3.8,0.9,10.3,12.6,9.3,12.8,,,,
1021,2020.10.17,5.5,0,9.3,12.8,8.6,10.6,,,,
1022,2020.10.18,6,0,8.6,10.6,7.9,12.3,,,,
1023,2020.10.19,2.8,0,7.9,12.3,8,14.1,,,,
1024,2020.10.20,4,0,8,14.1,9.6,14.8,,,,
1025,2020.10.21,4.2,0,9.6,14.8,8.9,16.6,,,,
1026,2020.10.22,3.2,0,8.9,16.6,10.3,15.7,,,,
1027,2020.10.23,1.8,0,10.3,15.7,10.8,16.4,,,,
1028,2020.10.24,5.6,0,10.8,16.4,12.1,17.9,,,,
1029,2020.10.25,2.3,4.5,12.1,17.9,12.9,13.3,,,,
1030,2017.10.01,2.4,0,12.9,13.3,4.7,16.2,,,,
1031,2017.10.02,5.3,0,4.7,16.2,3.1,17,,,,
1032,2017.10.03,4.3,6.1,3.1,17,4.9,15.6,,,,
1033,2017.10.04,6.9,0,4.9,15.6,10.1,16.1,,,,
1034,2017.10.05,9.9,0,10.1,16.1,10.5,19.6,,,,
1035,2017.10.06,7.7,0,10.5,19.6,10.5,14.9,,,,
1036,2017.10.07,6.4,0,10.5,14.9,8.3,14.8,,,,
1037,2017.10.08,7.6,0.1,8.3,14.8,6.8,14.8,,,,
1038,2017.10.09,5.4,0.1,6.8,14.8,9.1,13.6,,,,
1039,2017.10.10,4.5,0.2,9.1,13.6,8.2,16,,,,
1040,2017.10.11,4.5,0.4,8.2,16,10.6,17.8,,,,
1041,2017.10.12,5,0,10.6,17.8,8.2,20.3,,,,
1042,2017.10.13,5.4,0,8.2,20.3,11,17.6,,,,
1043,2017.10.14,3.1,0,11,17.6,9,18.4,,,,
1044,2017.10.15,2.8,0,9,18.4,9,20.5,,,,
1045,2017.10.16,2,0,9,20.5,9.7,21,,,,
1046,2017.10.17,2.9,0,9.7,21,9.6,21.4,,,,
1047,2017.10.18,3,0,9.6,21.4,10.8,20.5,,,,
1048,2017.10.19,2,0,10.8,20.5,8,18.8,,,,
1049,2017.10.20,2.3,0,8,18.8,7.7,19.4,,,,
1050,2017.10.21,2,0,7.7,19.4,7.7,16.9,,,,
1051,2017.10.22,4.8,5.8,7.7,16.9,8.6,16.4,,,,
1052,2017.10.23,7.3,44.8,8.6,16.4,9.3,10.6,,,,
1053,2017.10.24,6.8,0,9.3,10.6,5,13.1,,,,
1054,2017.10.25,3.6,0.2,5,13.1,2.8,12.2,,,,
1055,2017.10.26,3.8,0,2.8,12.2,6.1,15.3,,,,
1056,2017.10.27,8.4,1.3,6.1,15.3,8.8,14.6,,,,
1057,2017.10.28,8.1,0.2,8.8,14.6,6.1,10,,,,
1058,2017.10.29,14.4,8.5,6.1,10,5.4,10.2,,,,
1059,2017.10.30,9.1,0.1,5.4,10.2,4.2,8,,,,
1060,2017.10.31,6.1,0,4.2,8,2.9,8.4,,,,
1061,2017.11.01,4.1,0,2.9,8.4,0.5,10,,,,
1062,2017.11.02,5,0,0.5,10,3.2,11.6,,,,
1063,2017.11.03,5.6,0.1,3.2,11.6,3.9,11.4,,,,
1064,2017.11.04,3.4,0,3.9,11.4,1.3,11.4,,,,
1065,2017.11.05,4.5,0.7,1.3,11.4,4.9,11.7,,,,
1066,2017.11.06,5.6,0.1,4.9,11.7,5.8,12.7,,,,
1067,2017.11.07,5,1.9,5.8,12.7,2.9,11.2,,,,
1068,2017.11.08,4.4,1.9,2.9,11.2,6.2,10.4,,,,
1069,2017.11.09,3.2,2.1,6.2,10.4,7,9.8,,,,
1070,2017.11.10,3.4,0.8,7,9.8,3.1,8.6,,,,
1071,2017.11.11,4.7,0.3,3.1,8.6,4.6,10.5,,,,
1072,2017.11.12,6.5,5.3,4.6,10.5,4.3,9.7,,,,
1073,2017.11.13,6.3,13.8,4.3,9.7,5.1,9.1,,,,
1074,2017.11.14,5.3,3.6,5.1,9.1,2.7,7.2,,,,
1075,2017.11.15,2.9,0,2.7,7.2,-3.1,5.8,,,,
1076,2017.11.16,2.2,0,-3.1,5.8,0.7,6.4,,,,
1077,2017.11.17,2.6,0.1,0.7,6.4,-0.1,6.2,,,,
1078,2017.11.18,4.7,5,-0.1,6.2,-0,5.3,,,,
1079,2017.11.19,4.5,0.7,-0,5.3,-0.1,6.1,,,,
1080,2017.11.20,6.9,0.5,-0.1,6.1,2.2,5.9,,,,
1081,2017.11.21,7.6,2,2.2,5.9,1.5,7.8,,,,
1082,2017.11.22,4.4,0.6,1.5,7.8,3,9.1,,,,
1083,2017.11.23,2.2,0.2,3,9.1,-0.2,8.4,,,,
1084,2017.11.24,2.4,0.2,-0.2,8.4,2.4,7.8,,,,
1085,2017.11.25,6.1,0.5,2.4,7.8,5.1,8.8,,,,
1086,2017.11.26,7.7,8.7,5.1,8.8,2.3,6.3,,,,
1087,2017.11.27,6.6,0,2.3,6.3,-0.3,5,,,,
1088,2017.11.28,3.4,0,-0.3,5,-3,4.4,,,,
1089,2017.11.29,5.3,3.2,-3,4.4,-2,2.1,,,,
1090,2017.11.30,7.7,23.5,-2,2.1,0.8,3.7,,,,
1091,2017.12.01,3.8,0,0.8,3.7,-3.9,3.1,,,,
1092,2017.12.02,2.8,0.1,-3.9,3.1,-5.9,-0.1,,,,
1093,2017.12.03,3.8,0.2,-5.9,-0.1,-5.6,-1.3,,,,
1094,2017.12.04,6.4,0.6,-5.6,-1.3,-3.7,1.5,,,,
1095,2017.12.05,6.4,0.3,-3.7,1.5,-0.5,2.8,,,,
1096,2017.12.06,7.4,0,-0.5,2.8,-0.1,3.3,,,,
1097,2017.12.07,4.6,0,-0.1,3.3,-2.7,4.7,,,,
1098,2017.12.08,8.3,12,-2.7,4.7,-2.9,7.6,,,,
1099,2017.12.09,8.4,1,-2.9,7.6,0.1,2.5,,,,
1100,2017.12.10,9.1,1.2,0.1,2.5,-2.8,2.5,,,,
1101,2017.12.11,8.9,5.9,-2.8,2.5,2.3,10.4,,,,
1102,2017.12.12,8.7,3.8,2.3,10.4,10,13.7,,,,
1103,2017.12.13,5.8,2,10,13.7,0.9,5,,,,
1104,2017.12.14,5.6,5.5,0.9,5,-1.8,5.5,,,,
1105,2017.12.15,7,27.6,-1.8,5.5,3,8.7,,,,
1106,2017.12.16,4.7,3.8,3,8.7,0.9,5.5,,,,
1107,2017.12.17,5.5,0,0.9,5.5,-2.3,3,,,,
1108,2017.12.18,2.2,0.2,-2.3,3,-5.1,0.6,,,,
1109,2017.12.19,2.1,0.2,-5.1,0.6,-5.6,-1,,,,
1110,2017.12.20,2,0.2,-5.6,-1,-7.2,-2.4,,,,
1111,2017.12.21,3.6,0.6,-7.2,-2.4,-8.8,-1.8,,,,
1112,2017.12.22,5.7,0,-8.8,-1.8,-1.8,3.4,,,,
1113,2017.12.23,7.5,0.2,-1.8,3.4,-1.1,2.9,,,,
1114,2017.12.24,8.6,0.2,-1.1,2.9,2.9,7.7,,,,
1115,2017.12.25,4.7,0,2.9,7.7,-2.6,6.2,,,,
1116,2017.12.26,6.7,0.1,-2.6,6.2,-0.5,8.2,,,,
1117,2017.12.27,7.2,0,-0.5,8.2,1.8,8,,,,
1118,2017.12.28,7.5,7,1.8,8,2.2,7.3,,,,
1119,2017.12.29,9.5,0.4,2.2,7.3,-1.8,2.4,,,,
1120,2017.12.30,5.3,0.2,-1.8,2.4,-4.3,2,,,,
1121,2017.12.31,5,3.9,-4.3,2,-0.3,4.4,,,,
1122,2016.10.01,5.3,Napos,-0.3,4.4,14,25,,,,
1123,2016.10.02,5.3,Vihar csapadk lehetsges,14,25,13,25,,,,
1124,2016.10.03,10,Rszben felhs,13,25,11,20,,,,
1125,2016.10.04,8.9,Knny szitls,11,20,6,15,,,,
1126,2016.10.05,6.9,Rszben felhs,6,15,7,12,,,,
1127,2016.10.06,5.8,Mrskelt es,7,12,4,11,,,,
1128,2016.10.07,1.4,Rszben felhs,4,11,5,14,,,,
1129,2016.10.08,2.5,Napos,5,14,5,14,,,,
1130,2016.10.09,2.8,Rszben felhs,5,14,6,15,,,,
1131,2016.10.10,2.2,Felhs,6,15,8,16,,,,
1132,2016.10.11,4.7,Vihar csapadk lehetsges,8,16,5,15,,,,
1133,2016.10.12,7.8,Knny es,5,15,11,14,,,,
1134,2016.10.13,3.9,Vihar csapadk lehetsges,11,14,9,17,,,,
1135,2016.10.14,3.1,Napos,9,17,10,17,,,,
1136,2016.10.15,3.6,Vihar csapadk lehetsges,10,17,10,17,,,,
1137,2016.10.16,1.7,Rszben felhs,10,17,9,19,,,,
1138,2016.10.17,3.1,Felhs,9,19,8,14,,,,
1139,2016.10.18,3.6,"Hvs, knny szitls",8,14,6,12,,,,
1140,2016.10.19,2.5,Felhs,6,12,5,13,,,,
1141,2016.10.20,3.1,Knny es,5,13,9,12,,,,
1142,2016.10.21,1.4,Rszben felhs,9,12,8,11,,,,
1143,2016.10.22,2.8,Napos,8,11,6,14,,,,
1144,2016.10.23,2.8,Rszben felhs,6,14,4,14,,,,
1145,2016.10.24,2.8,Rszben felhs,4,14,12,17,,,,
1146,2016.10.25,3.3,Felhs,12,17,11,19,,,,
1147,2016.10.26,1.9,Knny szitls,11,19,9,14,,,,
1148,2016.10.27,1.1,Felhs,9,14,7,12,,,,
1149,2016.10.28,1.7,Napos,7,12,6,13,,,,
1150,2016.10.29,5.3,Napos,6,13,6,15,,,,
1151,2016.10.30,4.7,Felhs,6,15,4,12,,,,
1152,2016.10.31,4.4,Napos,4,12,3,10,,,,
1153,2016.11.01,2.5,Rszben felhs,3,10,5,13,,,,
1154,2016.11.02,4.7,Rszben felhs,5,13,5,15,,,,
1155,2016.11.03,3.9,Rszben felhs,5,15,1,10,,,,
1156,2016.11.04,1.7,Rszben felhs,1,10,2,10,,,,
1157,2016.11.05,3.3,Rszben felhs,2,10,1,9,,,,
1158,2016.11.06,5.3,Knny eszuhany,1,9,7,15,,,,
1159,2016.11.07,4.4,Rszben felhs,7,15,4,10,,,,
1160,2016.11.08,2.8,Vihar csapadk lehetsges,4,10,4,8,,,,
1161,2016.11.09,3.6,Napos,4,8,1,8,,,,
1162,2016.11.10,2.5,Vihar csapadk lehetsges,1,8,-1,6,,,,
1163,2016.11.11,3.6,Rszben felhs,-1,6,3,9,,,,
1164,2016.11.12,5.8,Mrskelt es,3,9,0,6,,,,
1165,2016.11.13,4.4,Rszben felhs,0,6,0,5,,,,
1166,2016.11.14,1.7,Rszben felhs,0,5,1,6,,,,
1167,2016.11.15,1.4,Napos,1,6,-1,6,,,,
1168,2016.11.16,3.1,Felhs,-1,6,1,4,,,,
1169,2016.11.17,2.5,Felhs,1,4,2,7,,,,
1170,2016.11.18,4.2,Rszben felhs,2,7,3,12,,,,
1171,2016.11.19,4.2,Felhs,3,12,8,11,,,,
1172,2016.11.20,3.1,Felhs,8,11,6,13,,,,
1173,2016.11.21,3.6,Rszben felhs,6,13,5,12,,,,
1174,2016.11.22,3.3,Napos,5,12,5,11,,,,
1175,2016.11.23,3.1,Napos,5,11,5,10,,,,
1176,2016.11.24,2.8,Napos,5,10,4,9,,,,
1177,2016.11.25,2.5,Rszben felhs,4,9,4,10,,,,
1178,2016.11.26,1.9,Rszben felhs,4,10,4,11,,,,
1179,2016.11.27,4.7,Napos,4,11,-1,10,,,,
1180,2016.11.28,6.1,Napos,-1,10,-1,4,,,,
1181,2016.11.29,3.6,Napos,-1,4,-2,3,,,,
1182,2016.11.30,3.6,Rszben felhs,-2,3,-5,4,,,,
1183,2016.12.01,7.8,Felhs,-5,4,-2,6,,,,
1184,2016.12.02,9.7,Napos,-2,6,-1,7,,,,
1185,2016.12.03,3.9,Napos,-1,7,-2,5,,,,
1186,2016.12.04,1.4,Rszben felhs,-2,5,-2,4,,,,
1187,2016.12.05,1.7,Napos,-2,4,-2,4,,,,
1188,2016.12.06,3.1,Napos,-2,4,-2,4,,,,
1189,2016.12.07,1.7,Napos,-2,4,-3,5,,,,
1190,2016.12.08,2.5,Napos,-3,5,0,4,,,,
1191,2016.12.09,3.9,Napos,0,4,1,7,,,,
1192,2016.12.10,3.1,Napos,1,7,3,8,,,,
1193,2016.12.11,3.9,Napos,3,8,3,9,,,,
1194,2016.12.12,6.7,Vihar csapadk lehetsges,3,9,-1,8,,,,
1195,2016.12.13,1.9,Felhs,-1,8,-3,3,,,,
1196,2016.12.14,2.5,Felhs,-3,3,-7,3,,,,
1197,2016.12.15,1.4,Napos,-7,3,-6,3,,,,
1198,2016.12.16,0.8,Napos,-6,3,-4,5,,,,
1199,2016.12.17,1.9,Napos,-4,5,-2,2,,,,
1200,2016.12.18,1.7,Rszben felhs,-2,2,-8,0,,,,
1201,2016.12.19,1.1,Napos,-8,0,-9,1,,,,
1202,2016.12.20,0.8,Napos,-9,1,-3,3,,,,
1203,2016.12.21,1.7,Napos,-3,3,-12,1,,,,
1204,2016.12.22,0.8,Napos,-12,1,-12,3,,,,
1205,2016.12.23,1.9,Napos,-12,3,-4,2,,,,
1206,2016.12.24,1.7,Napos,-4,2,-12,0,,,,
1207,2016.12.25,5,Knny szitls,-12,0,-1,5,,,,
1208,2016.12.26,5.6,Rszben felhs,-1,5,3,10,,,,
1209,2016.12.27,7.5,Felhs,3,10,-1,6,,,,
1210,2016.12.28,6.1,Napos,-1,6,-2,4,,,,
1211,2016.12.29,3.9,Napos,-2,4,-3,3,,,,
1212,2016.12.30,1.7,Napos,-3,3,-4,3,,,,
1213,2016.12.31,1.4,Napos,-4,3,-5,4,,,,
1214,2011.10.01,1.7,0,-5,4,11,25,,,,
1215,2011.10.02,2.8,0,11,25,10,27,,,,
1216,2011.10.03,1.4,0,10,27,9,25,,,,
1217,2011.10.04,3.6,0,9,25,11,26,,,,
1218,2011.10.05,5.3,0,11,26,11,26,,,,
1219,2011.10.06,5.3,0,11,26,11,26,,,,
1220,2011.10.07,3.9,2.9,11,26,6,15,,,,
1221,2011.10.08,8.1,0.3,6,15,5,14,,,,
1222,2011.10.09,6.4,0,5,14,3,15,,,,
1223,2011.10.10,3.9,0,3,15,8,16,,,,
1224,2011.10.11,6.4,1.1,8,16,12,22,,,,
1225,2011.10.12,7.2,1.7,12,22,5,19,,,,
1226,2011.10.13,5.8,1.3,5,19,3,16,,,,
1227,2011.10.14,2.2,0.2,3,16,1,13,,,,
1228,2011.10.15,2.2,0,1,13,-1,14,,,,
1229,2011.10.16,2.2,0,-1,14,-2,12,,,,
1230,2011.10.17,0.8,0,-2,12,-1,12,,,,
1231,2011.10.18,2.2,0,-1,12,1,13,,,,
1232,2011.10.19,4.4,0.2,1,13,7,18,,,,
1233,2011.10.20,3.9,2.1,7,18,3,11,,,,
1234,2011.10.21,1.7,2.3,3,11,1,13,,,,
1235,2011.10.22,2.2,0,1,13,6,13,,,,
1236,2011.10.23,2.2,1.5,6,13,8,12,,,,
1237,2011.10.24,3.1,2.6,8,12,6,12,,,,
1238,2011.10.25,5.3,11.1,6,12,6,15,,,,
1239,2011.10.26,5,0.3,6,15,3,16,,,,
1240,2011.10.27,3.9,0,3,16,2,15,,,,
1241,2011.10.28,2.8,0,2,15,2,14,,,,
1242,2011.10.29,1.4,0,2,14,1,16,,,,
1243,2011.10.30,1.4,0,1,16,2,14,,,,
1244,2011.10.31,0.6,0,2,14,3,15,,,,
1245,2011.11.01,0.8,0,3,15,2,14,,,,
1246,2011.11.02,1.7,0,2,14,3,15,,,,
1247,2011.11.03,3.1,0,3,15,3,14,,,,
1248,2011.11.04,3.9,0.1,3,14,3,14,,,,
1249,2011.11.05,3.6,0,3,14,4,14,,,,
1250,2011.11.06,3.9,0,4,14,4,16,,,,
1251,2011.11.07,3.9,0,4,16,4,15,,,,
1252,2011.11.08,2.8,0,4,15,2,14,,,,
1253,2011.11.09,0.8,0,2,14,2,16,,,,
1254,2011.11.10,1.7,0.1,2,16,-2,12,,,,
1255,2011.11.11,3.6,0,-2,12,-3,8,,,,
1256,2011.11.12,0.8,0,-3,8,-3,9,,,,
1257,2011.11.13,0.8,0,-3,9,-4,9,,,,
1258,2011.11.14,1.4,"Minimlis felhzet, csapadk nlkl",-4,9,-3,8,,,,
1259,2011.11.15,0.8,"Felh nlkl, napos",-3,8,-3,8,,,,
1260,2011.11.16,0.8,"Sinte felhtlen id, es nlkl",-3,8,-4,8,,,,
1261,2011.11.17,1.4,"Tbbnyire napos, es nlkl",-4,8,-5,7,,,,
1262,2011.11.21,1.7,Napos,-5,7,-4,4,,,,
1263,2011.11.22,1.7,Napos,-4,4,-5,4,,,,
1264,2011.11.23,1.9,Napos,-5,4,-2,6,,,,
1265,2011.11.24,1.7,Napos,-2,6,-5,5,,,,
1266,2011.11.25,1.9,Napos,-5,5,-5,6,,,,
1267,2011.11.26,4.2,Napos,-5,6,-3,4,,,,
1268,2011.11.27,3.3,Napos,-3,4,-2,6,,,,
1269,2011.11.28,3.9,Napos,-2,6,-1,7,,,,
1270,2011.11.29,2.5,Napos,-1,7,-1,5,,,,
1271,2011.11.30,2.5,Napos,-1,5,-2,4,,,,
1272,2011.12.01,1.9,Napos,-2,4,-4,4,,,,
1273,2011.12.02,3.6,Rszben felhs,-4,4,-5,2,,,,
1274,2011.12.03,2.5,Knny szitls,-5,2,-3,3,,,,
1275,2011.12.04,5,Felhs,-3,3,2,8,,,,
1276,2011.12.05,8.1,Knny es,2,8,5,10,,,,
1277,2011.12.06,5.3,Rszben felhs,5,10,1,6,,,,
1278,2011.12.07,6.7,Rszben felhs,1,6,-1,5,,,,
1279,2011.12.08,13.9,Felhs,-1,5,0,6,,,,
1280,2011.12.09,5.8,Rszben felhs,0,6,1,7,,,,
1281,2011.12.10,3.9,Felhs,1,7,3,8,,,,
1282,2011.12.11,3.1,Felhs,3,8,1,6,,,,
1283,2011.12.12,3.3,Felhs,1,6,2,6,,,,
1284,2011.12.13,3.9,Napos,2,6,2,8,,,,
1285,2011.12.14,5,Knny szitls,2,8,1,6,,,,
1286,2011.12.15,4.2,Mrskelt es,1,6,3,7,,,,
1287,2011.12.16,10,Rszben felhs,3,7,0,7,,,,
1288,2011.12.17,8.6,Enyhe havazs,0,7,1,5,,,,
1289,2011.12.18,6.7,Napos,1,5,-1,4,,,,
1290,2011.12.19,4.4,Felhs,-1,4,0,3,,,,
1291,2011.12.20,4.2,Napos,0,3,-2,3,,,,
1292,2011.12.21,4.2,Enyhe havazs,-2,3,-2,1,,,,
1293,2011.12.22,3.3,Felhs,-2,1,-3,1,,,,
1294,2011.12.23,1.7,Napos,-3,1,-2,2,,,,
1295,2011.12.24,6.1,Rszben felhs,-2,2,-2,2,,,,
1296,2011.12.25,6.1,Napos,-2,2,-1,3,,,,
1297,2011.12.26,2.2,Rszben felhs,-1,3,-1,4,,,,
1298,2011.12.27,1.1,Rszben felhs,-1,4,0,4,,,,
1299,2011.12.28,2.5,Rszben felhs,0,4,-1,3,,,,
1300,2011.12.29,4.2,Napos,-1,3,-2,2,,,,
1301,2011.12.30,5.3,Enyhe havazs,-2,2,-1,3,,,,
1302,2011.12.31,5.3,Napos,-1,3,-2,3,,,,
1303,2012.10.01,2.5,Napos,-2,3,16,25,,,,
1304,2012.10.02,3.9,A kzelben vihog kitrsek,16,25,13,23,,,,
1305,2012.10.03,5,Napos,13,23,14,20,,,,
1306,2012.10.04,2.2,Rszben felhs,14,20,13,22,,,,
1307,2012.10.05,3.9,Napos,13,22,11,20,,,,
1308,2012.10.06,3.6,Napos,11,20,14,23,,,,
1309,2012.10.07,6.7,Rszben felhs,14,23,8,22,,,,
1310,2012.10.08,6.1,Napos,8,22,6,15,,,,
1311,2012.10.09,4.7,Rszben felhs,6,15,7,16,,,,
1312,2012.10.10,3.3,Napos,7,16,7,16,,,,
1313,2012.10.11,2.8,Napos,7,16,8,16,,,,
1314,2012.10.12,3.9,Rszben felhs,8,16,9,16,,,,
1315,2012.10.13,2.2,Rszben felhs,9,16,10,17,,,,
1316,2012.10.14,3.1,Felhs,10,17,11,15,,,,
1317,2012.10.15,3.9,Rszben felhs,11,15,12,20,,,,
1318,2012.10.16,4.2,Knny szitls,12,20,7,16,,,,
1319,2012.10.17,3.9,Napos,7,16,9,17,,,,
1320,2012.10.18,3.9,Napos,9,17,9,17,,,,
1321,2012.10.19,2.5,Napos,9,17,10,19,,,,
1322,2012.10.20,1.7,Napos,10,19,11,21,,,,
1323,2012.10.21,2.5,Napos,11,21,12,21,,,,
1324,2012.10.22,0.8,Napos,12,21,12,23,,,,
1325,2012.10.23,2.2,Napos,12,23,9,20,,,,
1326,2012.10.24,1.4,Napos,9,20,8,18,,,,
1327,2012.10.25,3.1,Napos,8,18,8,15,,,,
1328,2012.10.26,3.3,Rszben felhs,8,15,9,12,,,,
1329,2012.10.27,7.2,Knny es,9,12,5,14,,,,
1330,2012.10.28,5.8,Knny es,5,14,2,6,,,,
1331,2012.10.29,3.6,Enyhe havazs,2,6,-1,4,,,,
1332,2012.10.30,5,Napos,-1,4,1,5,,,,
1333,2012.10.31,4.4,Napos,1,5,2,7,,,,
1334,2012.11.01,6.1,Knny szitls,2,7,5,8,,,,
1335,2012.11.02,3.3,Knny es,5,8,5,13,,,,
1336,2012.11.03,4.2,Rszben felhs,5,13,9,14,,,,
1337,2012.11.04,5.8,Rszben felhs,9,14,12,17,,,,
1338,2012.11.05,6.4,Knny es,12,17,5,14,,,,
1339,2012.11.06,6.7,Felhs,5,14,3,11,,,,
1340,2012.11.07,7.5,Rszben felhs,3,11,5,9,,,,
1341,2012.11.08,4.2,Napos,5,9,6,12,,,,
1342,2012.11.09,5.6,Napos,6,12,4,11,,,,
1343,2012.11.10,5,Napos,4,11,5,10,,,,
1344,2012.11.11,4.7,Napos,5,10,7,11,,,,
1345,2012.11.12,1.9,Felhs,7,11,9,13,,,,
1346,2012.11.13,2.8,Knny szitls,9,13,5,11,,,,
1347,2012.11.14,2.5,Napos,5,11,2,9,,,,
1348,2012.11.15,1.9,Napos,2,9,3,10,,,,
1349,2012.11.16,1.9,Napos,3,10,3,10,,,,
1350,2012.11.17,2.8,Rszben felhs,3,10,4,9,,,,
1351,2012.11.18,2.8,Felhs,4,9,6,9,,,,
1352,2012.11.19,2.5,Rszben felhs,6,9,4,10,,,,
1353,2012.11.20,2.2,Napos,4,10,3,11,,,,
1354,2012.11.21,1.9,Rszben felhs,3,11,4,10,,,,
1355,2012.11.22,1.7,Felhs,4,10,4,8,,,,
1356,2012.11.23,1.9,Knny szitls,4,8,3,9,,,,
1357,2012.11.24,1.9,Rszben felhs,3,9,3,10,,,,
1358,2012.11.25,2.5,Napos,3,10,4,10,,,,
1359,2012.11.26,3.1,Felhs,4,10,4,8,,,,
1360,2012.11.27,5.8,Napos,4,8,6,12,,,,
1361,2012.11.28,4.2,Napos,6,12,7,10,,,,
1362,2012.11.29,6.7,Napos,7,10,3,13,,,,
1363,2012.11.30,4.7,Rszben felhs,3,13,0,6,,,,
1364,2012.12.01,3.3,Napos,0,6,1,5,,,,
1365,2012.12.02,4.7,Knny h,1,5,-3,2,,,,
1366,2012.12.03,6.7,Napos,-3,2,-5,1,,,,
1367,2012.12.04,5.6,Rszben felhs,-5,1,-2,3,,,,
1368,2012.12.05,4.4,Rszben felhs,-2,3,-3,1,,,,
1369,2012.12.06,6.1,Napos,-3,1,-4,3,,,,
1370,2012.12.07,4.7,Napos,-4,3,-6,-1,,,,
1371,2012.12.08,7.2,Rszben felhs,-6,-1,-5,-4,,,,
1372,2012.12.09,6.7,Napos,-5,-4,-7,-3,,,,
1373,2012.12.10,2.8,Felhs,-7,-3,-4,-2,,,,
1374,2012.12.11,4.2,Felhs,-4,-2,-8,-1,,,,
1375,2012.12.12,6.9,Rszben felhs,-8,-1,-8,-3,,,,
1376,2012.12.13,3.9,Napos,-8,-3,-6,-3,,,,
1377,2012.12.14,4.4,Felhs,-6,-3,-5,-3,,,,
1378,2012.12.15,5.6,Mrskelt es,-5,-3,-1,1,,,,
1379,2012.12.16,2.8,Kd,-1,1,1,4,,,,
1380,2012.12.17,2.8,Knny szitls,1,4,-1,2,,,,
1381,2012.12.18,2.5,Knny es,-1,2,-1,1,,,,
1382,2012.12.19,3.1,Knny szitls,-1,1,-3,2,,,,
1383,2012.12.20,1.9,Rszben felhs,-3,2,-1,3,,,,
1384,2012.12.21,1.7,Napos,-1,3,-2,1,,,,
1385,2012.12.22,1.9,Napos,-2,1,-3,2,,,,
1386,2012.12.23,3.3,Enyhe havazs,-3,2,-3,0,,,,
1387,2012.12.24,3.1,Kd,-3,0,0,2,,,,
1388,2012.12.25,5,Rszben felhs,0,2,2,4,,,,
1389,2012.12.26,3.6,Kd,2,4,1,5,,,,
1390,2012.12.27,5,Kd,1,5,-1,4,,,,
1391,2012.12.28,4.7,Felhs,-1,4,-2,5,,,,
1392,2012.12.29,3.3,Napos,-2,5,-2,2,,,,
1393,2012.12.30,2.5,Napos,-2,2,0,3,,,,
1394,2012.12.31,2.5,Napos,0,3,-2,4,,,,
1395,2013.10.01,3.9,Napos,-2,4,5,19,,,,
1396,2013.10.02,5,Rszben felhs,5,19,3,15,,,,
1397,2013.10.03,4.4,Napos,3,15,3,15,,,,
1398,2013.10.04,2.5,Napos,3,15,3,15,,,,
1399,2013.10.05,3.3,Napos,3,15,3,15,,,,
1400,2013.10.06,2.2,Napos,3,15,7,18,,,,
1401,2013.10.07,1.7,Napos,7,18,6,21,,,,
1402,2013.10.08,2.5,Napos,6,21,8,22,,,,
1403,2013.10.09,2.8,"Hvs, knny szitls",8,22,11,18,,,,
1404,2013.10.10,3.6,Felhs,11,18,11,19,,,,
1405,2013.10.11,5.8,Napos,11,19,11,21,,,,
1406,2013.10.12,4.2,Napos,11,21,13,23,,,,
1407,2013.10.13,3.3,Rszben felhs,13,23,10,24,,,,
1408,2013.10.14,1.9,Felhs,10,24,13,22,,,,
1409,2013.10.15,3.6,Hvs es a kzelben,13,22,11,20,,,,
1410,2013.10.16,6.7,Knny es,11,20,7,13,,,,
1411,2013.10.17,6.1,Napos,7,13,8,16,,,,
1412,2013.10.18,8.1,Rszben felhs,8,16,8,15,,,,
1413,2013.10.19,4.2,Napos,8,15,7,15,,,,
1414,2013.10.20,3.3,Rszben felhs,7,15,10,19,,,,
1415,2013.10.21,2.8,Napos,10,19,14,22,,,,
1416,2013.10.22,3.3,Felhs,14,22,14,22,,,,
1417,2013.10.23,6.7,Rszben felhs,14,22,14,24,,,,
1418,2013.10.24,3.3,Napos,14,24,13,23,,,,
1419,2013.10.25,2.8,Napos,13,23,14,23,,,,
1420,2013.10.26,2.8,Napos,14,23,14,24,,,,
1421,2013.10.27,5,Napos,14,24,13,22,,,,
1422,2013.10.28,7.5,Napos,13,22,12,21,,,,
1423,2013.10.29,3.6,Felhs,12,21,11,18,,,,
1424,2013.10.30,5,Napos,11,18,8,19,,,,
1425,2013.10.31,3.3,Napos,8,19,7,17,,,,
1426,2013.11.01,1.7,Napos,7,17,9,16,,,,
1427,2013.11.02,6.4,Rszben felhs,9,16,11,19,,,,
1428,2013.11.03,7.8,Knny es,11,19,9,17,,,,
1429,2013.11.04,6.7,Felhs,9,17,10,14,,,,
1430,2013.11.05,5.8,Knny es,10,14,6,14,,,,
1431,2013.11.06,8.6,Napos,6,14,8,13,,,,
1432,2013.11.07,5.8,Rszben felhs,8,13,9,17,,,,
1433,2013.11.08,2.8,Napos,9,17,11,16,,,,
1434,2013.11.09,6.1,Rszben felhs,11,16,10,17,,,,
1435,2013.11.10,3.6,Rszben felhs,10,17,7,13,,,,
1436,2013.11.11,6.1,Knny es,7,13,5,10,,,,
1437,2013.11.12,4.2,Napos,5,10,5,12,,,,
1438,2013.11.13,3.6,Felhs,5,12,6,10,,,,
1439,2013.11.14,2.8,Rszben felhs,6,10,5,10,,,,
1440,2013.11.15,2.5,Napos,5,10,4,12,,,,
1441,2013.11.16,1.4,Napos,4,12,5,14,,,,
1442,2013.11.17,1.9,Rszben felhs,5,14,5,13,,,,
1443,2013.11.18,3.3,"Hvs, knny szitls",5,13,3,9,,,,
1444,2013.11.19,5,Napos,3,9,5,10,,,,
1445,2013.11.20,4.2,Knny es,5,10,4,9,,,,
1446,2013.11.21,4.4,Rszben felhs,4,9,4,10,,,,
1447,2013.11.22,3.9,Felhs,4,10,7,11,,,,
1448,2013.11.23,5.6,Rszben felhs,7,11,6,12,,,,
1449,2013.11.24,3.3,Knny es,6,12,3,9,,,,
1450,2013.11.25,7.8,Enyhe havazs,3,9,-2,3,,,,
1451,2013.11.26,4.4,Rszben felhs,-2,3,-2,4,,,,
1452,2013.11.27,4.4,Napos,-2,4,-2,4,,,,
1453,2013.11.28,5.3,Napos,-2,4,-2,3,,,,
1454,2013.11.29,6.7,Napos,-2,3,-1,6,,,,
1455,2013.11.30,3.3,Rszben felhs,-1,6,0,6,,,,
1456,2013.12.01,3.3,Napos,0,6,-1,6,,,,
1457,2013.12.02,3.6,Napos,-1,6,-1,8,,,,
1458,2013.12.03,2.2,Napos,-1,8,-2,4,,,,
1459,2013.12.04,3.6,Rszben felhs,-2,4,-1,3,,,,
1460,2013.12.05,6.1,Napos,-1,3,-1,5,,,,
1461,2013.12.06,11.1,Napos,-1,5,-1,4,,,,
1462,2013.12.07,12.8,Felhs,-1,4,-1,3,,,,
1463,2013.12.08,5.8,Felhs,-1,3,0,4,,,,
1464,2013.12.09,9.2,Knny szitls,0,4,2,6,,,,
1465,2013.12.10,4.7,Napos,2,6,-1,4,,,,
1466,2013.12.11,1.4,Napos,-1,4,0,4,,,,
1467,2013.12.12,2.2,Napos,0,4,2,7,,,,
1468,2013.12.13,1.1,Napos,2,7,-2,7,,,,
1469,2013.12.14,2.5,Napos,-2,7,0,6,,,,
1470,2013.12.15,2.8,Rszben felhs,0,6,-1,4,,,,
1471,2013.12.16,1.7,Napos,-1,4,-1,5,,,,
1472,2013.12.17,2.5,Napos,-1,5,-3,4,,,,
1473,2013.12.18,1.9,Napos,-3,4,-3,4,,,,
1474,2013.12.19,3.1,Napos,-3,4,-3,0,,,,
1475,2013.12.20,2.5,Napos,-3,0,-2,3,,,,
1476,2013.12.21,3.9,Napos,-2,3,-2,4,,,,
1477,2013.12.22,2.8,Rszben felhs,-2,4,-1,3,,,,
1478,2013.12.23,2.2,Rszben felhs,-1,3,0,5,,,,
1479,2013.12.24,3.9,Napos,0,5,0,6,,,,
1480,2013.12.25,6.4,Napos,0,6,1,7,,,,
1481,2013.12.26,5.6,"Hvs, knny szitls",1,7,3,6,,,,
1482,2013.12.27,3.6,Napos,3,6,2,8,,,,
1483,2013.12.28,4.7,Rszben felhs,2,8,3,9,,,,
1484,2013.12.29,3.6,Napos,3,9,3,8,,,,
1485,2013.12.30,3.6,Rszben felhs,3,8,1,8,,,,
1486,2013.12.31,2.5,Rszben felhs,1,8,0,5,,,,
1487,2014.10.01,2.2,Felhs,0,5,15,23,,,,
1488,2014.10.02,1.9,Rszben felhs,15,23,12,23,,,,
1489,2014.10.03,2.2,Rszben felhs,12,23,12,20,,,,
1490,2014.10.04,2.8,Rszben felhs,12,20,12,20,,,,
1491,2014.10.05,1.9,Hvs es a kzelben,12,20,10,20,,,,
1492,2014.10.06,3.9,Napos,10,20,10,19,,,,
1493,2014.10.07,5.3,Napos,10,19,10,19,,,,
1494,2014.10.08,3.9,Hvs es a kzelben,10,19,11,17,,,,
1495,2014.10.09,4.2,Napos,11,17,12,22,,,,
1496,2014.10.10,3.6,Napos,12,22,14,25,,,,
1497,2014.10.11,3.3,Napos,14,25,14,25,,,,
1498,2014.10.12,1.7,Napos,14,25,15,26,,,,
1499,2014.10.13,4.2,Felhs,15,26,16,25,,,,
1500,2014.10.14,4.4,Napos,16,25,13,25,,,,
1501,2014.10.15,2.5,Mrskelt es,13,25,13,18,,,,
1502,2014.10.16,3.9,Napos,13,18,14,22,,,,
1503,2014.10.17,4.4,Knny es,14,22,10,19,,,,
1504,2014.10.18,4.4,Napos,10,19,13,21,,,,
1505,2014.10.19,3.9,Napos,13,21,10,19,,,,
1506,2014.10.20,5.3,Napos,10,19,14,22,,,,
1507,2014.10.21,3.6,Hvs es a kzelben,14,22,12,18,,,,
1508,2014.10.22,9.7,Knny es,12,18,5,9,,,,
1509,2014.10.23,6.4,Knny szitls,5,9,7,12,,,,
1510,2014.10.24,5,Mrskelt es,7,12,6,10,,,,
1511,2014.10.25,2.2,Napos,6,10,5,14,,,,
1512,2014.10.26,1.7,Rszben felhs,5,14,4,13,,,,
1513,2014.10.27,1.1,Napos,4,13,5,15,,,,
1514,2014.10.28,1.4,Napos,5,15,3,16,,,,
1515,2014.10.29,2.2,Rszben felhs,3,16,3,12,,,,
1516,2014.10.30,2.2,Napos,3,12,6,12,,,,
1517,2014.10.31,2.2,Rszben felhs,6,12,4,13,,,,
1518,2014.11.01,1.1,Napos,4,13,5,14,,,,
1519,2014.11.02,2.2,Napos,5,14,5,13,,,,
1520,2014.11.03,3.9,Napos,5,13,5,12,,,,
1521,2014.11.04,6.7,Napos,5,12,7,15,,,,
1522,2014.11.05,5,Napos,7,15,8,16,,,,
1523,2014.11.06,4.4,Rszben felhs,8,16,10,16,,,,
1524,2014.11.07,3.6,Napos,10,16,11,17,,,,
1525,2014.11.08,2.5,Hvs es a kzelben,11,17,10,18,,,,
1526,2014.11.09,3.1,Rszben felhs,10,18,9,17,,,,
1527,2014.11.10,3.3,Napos,9,17,10,17,,,,
1528,2014.11.11,3.6,Napos,10,17,8,16,,,,
1529,2014.11.12,4.4,Rszben felhs,8,16,9,13,,,,
1530,2014.11.13,2.8,Rszben felhs,9,13,8,15,,,,
1531,2014.11.14,2.2,Rszben felhs,8,15,7,15,,,,
1532,2014.11.15,5.3,Napos,7,15,6,13,,,,
1533,2014.11.16,4.2,"Hvs, knny szitls",6,13,7,10,,,,
1534,2014.11.17,2.8,A kzelben vihog kitrsek,7,10,7,10,,,,
1535,2014.11.18,5.6,Mrskelt es,7,10,6,10,,,,
1536,2014.11.19,4.2,Knny szitls,6,10,4,10,,,,
1537,2014.11.20,4.2,Napos,4,10,3,9,,,,
1538,2014.11.21,2.2,Napos,3,9,2,9,,,,
1539,2014.11.22,1.4,Napos,2,9,1,8,,,,
1540,2014.11.23,1.4,Napos,1,8,1,8,,,,
1541,2014.11.24,2.5,Napos,1,8,2,6,,,,
1542,2014.11.25,1.7,Rszben felhs,2,6,1,6,,,,
1543,2014.11.26,1.9,Rszben felhs,1,6,-1,5,,,,
1544,2014.11.27,3.3,Napos,-1,5,-5,4,,,,
1545,2014.11.28,3.3,Knny szitls,-5,4,1,2,,,,
1546,2014.11.29,3.9,Knny es,1,2,1,2,,,,
1547,2014.11.30,4.2,Hvs es a kzelben,1,2,0,3,,,,
1548,2014.12.01,6.4,Knny es,0,3,0,2,,,,
1549,2014.12.02,4.7,Knny szitls,0,2,1,2,,,,
1550,2014.12.03,3.6,Hvs es a kzelben,1,2,2,6,,,,
1551,2014.12.04,2.8,Napos,2,6,1,7,,,,
1552,2014.12.05,2.5,Rszben felhs,1,7,4,7,,,,
1553,2014.12.06,2.2,Felhs,4,7,4,8,,,,
1554,2014.12.07,1.7,Knny es,4,8,3,6,,,,
1555,2014.12.08,4.2,Knny szitls,3,6,0,5,,,,
1556,2014.12.09,4.7,Rszben felhs,0,5,-1,4,,,,
1557,2014.12.10,5,Rszben felhs,-1,4,0,4,,,,
1558,2014.12.11,2.5,Napos,0,4,-5,5,,,,
1559,2014.12.12,4.7,Napos,-5,5,-4,6,,,,
1560,2014.12.13,4.4,Napos,-4,6,-2,7,,,,
1561,2014.12.14,2.8,Hvs es a kzelben,-2,7,4,8,,,,
1562,2014.12.15,2.5,Rszben felhs,4,8,3,8,,,,
1563,2014.12.16,2.8,Rszben felhs,3,8,2,7,,,,
1564,2014.12.17,5.8,Napos,2,7,3,8,,,,
1565,2014.12.18,4.2,Rszben felhs,3,8,-1,9,,,,
1566,2014.12.19,4.7,Napos,-1,9,5,11,,,,
1567,2014.12.20,8.9,Napos,5,11,2,9,,,,
1568,2014.12.21,8.9,Felhs,2,9,2,6,,,,
1569,2014.12.22,6.1,Rszben felhs,2,6,4,9,,,,
1570,2014.12.23,6.4,Rszben felhs,4,9,4,11,,,,
1571,2014.12.24,3.6,Napos,4,11,3,10,,,,
1572,2014.12.25,6.1,Rszben felhs,3,10,2,9,,,,
1573,2014.12.26,8.1,Felhs,2,9,-2,4,,,,
1574,2014.12.27,3.9,Rszben felhs,-2,4,-3,2,,,,
1575,2014.12.28,6.4,Enyhe havazs,-3,2,-5,0,,,,
1576,2014.12.29,6.9,Napos,-5,0,-8,-2,,,,
1577,2014.12.30,4.2,Napos,-8,-2,-10,-5,,,,
1578,2014.12.31,2.2,Napos,-10,-5,-9,-4,,,,
1579,2015.10.01,5,Napos,-9,-4,11,20,,,,
1580,2015.10.02,3.1,Napos,11,20,13,22,,,,
1581,2015.10.03,5.6,Napos,13,22,14,22,,,,
1582,2015.10.04,6.7,Napos,14,22,14,24,,,,
1583,2015.10.05,3.9,Felhs,14,24,13,22,,,,
1584,2015.10.06,3.1,Napos,13,22,15,23,,,,
1585,2015.10.07,5,Felhs,15,23,11,22,,,,
1586,2015.10.08,3.9,Felhs,11,22,12,18,,,,
1587,2015.10.09,2.8,Felhs,12,18,12,18,,,,
1588,2015.10.10,5.8,Felhs,12,18,10,16,,,,
1589,2015.10.11,9.2,Knny es,10,16,6,11,,,,
1590,2015.10.12,5.8,Felhs,6,11,5,11,,,,
1591,2015.10.13,3.9,Felhs,5,11,4,12,,,,
1592,2015.10.14,7.5,Hvs es a kzelben,4,12,10,13,,,,
1593,2015.10.15,8.1,Knny es,10,13,11,15,,,,
1594,2015.10.16,6.4,Hvs es a kzelben,11,15,10,17,,,,
1595,2015.10.17,5,Hvs es a kzelben,10,17,9,17,,,,
1596,2015.10.18,3.1,Felhs,9,17,11,16,,,,
1597,2015.10.19,5.6,Knny szitls,11,16,8,14,,,,
1598,2015.10.20,6.7,Hvs es a kzelben,8,14,5,12,,,,
1599,2015.10.21,4.4,Napos,5,12,6,13,,,,
1600,2015.10.22,2.8,Napos,6,13,7,14,,,,
1601,2015.10.23,3.9,Rszben felhs,7,14,8,15,,,,
1602,2015.10.24,2.8,Napos,8,15,8,15,,,,
1603,2015.10.25,3.6,Felhs,8,15,9,15,,,,
1604,2015.10.26,3.3,Napos,9,15,7,15,,,,
1605,2015.10.27,4.7,Napos,7,15,7,14,,,,
1606,2015.10.28,6.1,Napos,7,14,7,15,,,,
1607,2015.10.29,5,Napos,7,15,5,14,,,,
1608,2015.10.30,2.5,Napos,5,14,8,15,,,,
1609,2015.10.31,2.5,Napos,8,15,8,17,,,,
1610,2015.11.01,1.9,Napos,8,17,3,16,,,,
1611,2015.11.02,2.5,Napos,3,16,3,13,,,,
1612,2015.11.03,2.8,Napos,3,13,4,13,,,,
1613,2015.11.04,2.5,Napos,4,13,3,13,,,,
1614,2015.11.05,2.5,Napos,3,13,7,15,,,,
1615,2015.11.06,1.4,Napos,7,15,7,15,,,,
1616,2015.11.07,3.9,Napos,7,15,10,15,,,,
1617,2015.11.08,6.7,Napos,10,15,9,18,,,,
1618,2015.11.09,5.6,Felhs,9,18,11,18,,,,
1619,2015.11.10,11.4,Rszben felhs,11,18,12,18,,,,
1620,2015.11.11,8.9,Napos,12,18,12,19,,,,
1621,2015.11.12,6.1,Napos,12,19,10,18,,,,
1622,2015.11.13,3.6,Rszben felhs,10,18,8,14,,,,
1623,2015.11.14,10.8,Napos,8,14,6,12,,,,
1624,2015.11.15,11.4,Knny es,6,12,4,10,,,,
1625,2015.11.16,10.8,Rszben felhs,4,10,10,16,,,,
1626,2015.11.17,3.3,Rszben felhs,10,16,5,17,,,,
1627,2015.11.18,11.7,Napos,5,17,9,19,,,,
1628,2015.11.19,6.7,Napos,9,19,9,17,,,,
1629,2015.11.20,11.4,Rszben felhs,9,17,12,15,,,,
1630,2015.11.21,10.6,Knny szitls,12,15,3,9,,,,
1631,2015.11.22,6.7,Knny es,3,9,1,6,,,,
1632,2015.11.23,4.4,Napos,1,6,1,6,,,,
1633,2015.11.24,2.8,Rszben felhs,1,6,0,6,,,,
1634,2015.11.25,1.9,Napos,0,6,0,5,,,,
1635,2015.11.26,4.4,Napos,0,5,-5,5,,,,
1636,2015.11.27,3.6,Hvs es a kzelben,-5,5,1,5,,,,
1637,2015.11.28,7.5,Knny es,1,5,1,3,,,,
1638,2015.11.29,9.2,Napos,1,3,2,5,,,,
1639,2015.11.30,9.2,Felhs,2,5,3,10,,,,
1640,2015.12.01,12.8,Hvs es a kzelben,3,10,5,11,,,,
1641,2015.12.02,5.3,Felhs,5,11,6,11,,,,
1642,2015.12.03,3.1,Napos,6,11,3,13,,,,
1643,2015.12.04,2.8,Rszben felhs,3,13,0,9,,,,
1644,2015.12.05,2.2,Napos,0,9,4,9,,,,
1645,2015.12.06,2.8,Napos,4,9,4,10,,,,
1646,2015.12.07,2.2,Napos,4,10,3,9,,,,
1647,2015.12.08,1.7,Napos,3,9,1,7,,,,
1648,2015.12.09,2.8,Felhs,1,7,2,6,,,,
1649,2015.12.10,3.1,Felhs,2,6,2,7,,,,
1650,2015.12.11,3.3,Napos,2,7,1,7,,,,
1651,2015.12.12,5.3,Rszben felhs,1,7,2,8,,,,
1652,2015.12.13,4.2,Napos,2,8,1,7,,,,
1653,2015.12.14,3.6,Rszben felhs,1,7,0,6,,,,
1654,2015.12.15,1.9,Felhs,0,6,1,5,,,,
1655,2015.12.16,1.7,Napos,1,5,2,8,,,,
1656,2015.12.17,3.3,Rszben felhs,2,8,0,4,,,,
1657,2015.12.18,3.1,Rszben felhs,0,4,-6,5,,,,
1658,2015.12.19,1.4,Felhs,-6,5,2,5,,,,
1659,2015.12.20,2.8,Rszben felhs,2,5,1,5,,,,
1660,2015.12.21,3.3,Felhs,1,5,4,7,,,,
1661,2015.12.22,3.6,Napos,4,7,5,10,,,,
1662,2015.12.23,2.5,Napos,5,10,3,10,,,,
1663,2015.12.24,2.8,Napos,3,10,2,8,,,,
1664,2015.12.25,2.5,Napos,2,8,4,9,,,,
1665,2015.12.26,2.8,Napos,4,9,5,11,,,,
1666,2015.12.27,2.2,Napos,5,11,5,12,,,,
1667,2015.12.28,3.1,Napos,5,12,3,11,,,,
1668,2015.12.29,3.9,Napos,3,11,-1,8,,,,
1669,2015.12.30,6.7,Napos,-1,8,-4,2,,,,
1670,2015.12.31,3.9,Napos,-4,2,-4,2,,,,
